Rank,Professor,Main subjects,Sections,Terms,Courses compared,Students,Prof avg,Others avg,Diff,Median course diff,% courses above,CI low,CI high,Clear gap?
1,Mina Hoorfar,"ENGR, APSC",15,8,4,1047,83.01,69.02,13.99,7.16,100.0,3.06,15.68,yes
2,Lainie Senger,ENGL,29,11,2,976,86.28,73.02,13.27,16.63,100.0,12.71,20.55,yes
3,Emelie Gustafsson,"STAT, DATA",15,11,4,1028,81.86,71.55,10.31,11.46,100.0,7.06,12.76,yes
4,Leslie Bryant,HMKN,11,6,2,207,88.23,78.76,9.48,10.44,100.0,7.16,13.73,yes
5,Homayoun Najjaran,ENGR,19,7,5,1284,78.69,69.6,9.09,4.83,100.0,3.78,10.38,yes
6,Kashish Gupta,ENGR,8,4,2,710,80.39,71.46,8.92,8.6,100.0,7.29,9.92,yes
7,Andrew Hughes,"HMKN, HES",8,8,2,1296,85.41,76.79,8.63,6.77,100.0,4.55,8.99,yes
8,Sakiru Adebayo,"ENGL, CULT",11,4,4,79,81.36,72.93,8.43,4.47,50.0,-0.89,10.24,
9,Morgan Rauscher,"VISA, COSC",15,4,9,343,88.03,79.74,8.29,7.36,88.89,5.64,10.22,yes
10,Matt Husain,"MGMT, ANTH",17,11,9,1383,86.16,78.1,8.06,9.9,88.89,2.71,12.8,yes
11,Xiaoping Shi,"STAT, DATA",15,5,7,628,80.19,72.19,8.01,9.21,85.71,0.54,18.94,yes
12,Mohamed Hegazi,ENGR,7,5,2,145,84.88,76.99,7.9,7.66,100.0,2.87,12.45,yes
13,Saeed Sabzian,"ENGL, CORH",35,12,4,899,80.43,73.32,7.11,7.12,75.0,5.99,7.83,yes
14,Madeleine Ransom,"PHIL, ECON",16,6,6,1060,78.18,71.17,7.02,7.09,100.0,5.65,8.0,yes
15,Apurva Narayan,"DATA, COSC",18,4,7,851,90.34,83.36,6.98,2.37,85.71,1.61,10.36,yes
16,Mahmoud Hasabel Naby,"APSC, ENGR",7,4,2,623,71.37,64.47,6.9,6.25,100.0,5.58,6.92,yes
17,Evan Habkirk,INDG,34,11,7,3930,85.7,78.87,6.84,-1.98,14.29,-8.32,7.88,
18,Piotr Ahmad,SOCI,44,12,6,3712,79.28,72.59,6.69,4.15,100.0,1.66,7.87,yes
19,Adam Jones,"POLI, IGS",45,13,4,570,81.41,74.87,6.54,4.29,100.0,2.72,8.96,yes
20,John Cho,"ANTH, GWST",21,6,6,1295,83.58,77.27,6.31,5.49,100.0,3.93,7.39,yes
21,Maxime Heroux-Legault,POLI,17,6,4,555,76.77,70.51,6.26,4.33,100.0,0.48,7.1,yes
22,Margaret Carlyle,"HIST, IGS",22,6,7,365,81.11,75.01,6.1,5.28,71.43,3.01,8.33,yes
23,Bara Emran,"ENGR, APSC",8,4,4,693,77.26,71.29,5.97,1.53,100.0,0.47,8.4,yes
24,Frederic Menard,"CHEM, BIOC",20,12,5,334,76.4,70.67,5.74,6.2,100.0,4.14,7.84,yes
25,Vanessa White,"MATH, BIOC",7,4,6,1289,73.82,68.09,5.73,2.44,50.0,-8.65,12.6,
26,Lisa Leigh Tobber,"APSC, ENGR",9,4,2,673,80.0,74.54,5.47,5.16,100.0,3.25,7.08,yes
27,Alex Hill,"ASTR, PHYS",24,7,7,347,74.58,69.12,5.46,7.13,85.71,2.04,9.79,yes
28,Sina Kheirkhah,"ENGR, APSC",22,8,4,1828,77.02,71.59,5.43,2.79,75.0,2.23,7.5,yes
29,Selena Clark,SPAN,17,5,4,538,84.98,79.6,5.38,5.65,100.0,2.27,10.24,yes
30,Deana Simonetto,SOCI,16,7,4,1033,77.46,72.21,5.25,4.93,100.0,2.0,5.85,yes
31,Gina Whitaker,"HES, HMKN",30,8,8,1988,82.53,77.29,5.24,4.89,87.5,3.29,6.96,yes
32,Paul Lee,"MATH, COSC",17,10,8,1858,74.06,69.03,5.03,7.24,87.5,3.13,8.35,yes
33,Maria Alexopoulos,"CULT, ENGL",56,10,11,1818,78.27,73.25,5.01,4.31,81.82,-3.34,7.49,
34,Heinz Bauschke,"MATH, DATA",31,11,5,1233,81.11,76.11,5.0,0.59,60.0,-0.97,7.29,
35,Ziyuan Wang,MATH,24,5,9,4293,72.74,67.75,4.99,7.39,100.0,2.4,8.48,yes
36,Cameron Crookston,"CULT, ENGL",31,6,5,1278,79.64,74.65,4.98,5.09,100.0,2.8,6.51,yes
37,Paul Tsopmene,MATH,19,6,6,1610,72.37,67.45,4.92,3.92,66.67,-1.6,8.0,
38,Andrea Verdugo Meza,"BIOL, BIOC",9,4,4,822,78.99,74.07,4.92,4.89,75.0,1.3,6.8,yes
39,Sarah Lawrason,"HMKN, HEAL",8,4,6,1397,83.87,79.08,4.79,4.16,83.33,0.07,6.58,yes
40,Anita Veal,"EAP, ENGL",34,8,3,826,78.95,74.45,4.5,4.44,66.67,-0.55,5.94,
41,Mostafa Mohamed,"COSC, DATA",23,6,9,1724,82.57,78.11,4.46,4.99,77.78,2.05,6.85,yes
42,Hoornaz Keshavarzian,"CULT, DIHU",17,4,3,267,80.67,76.24,4.43,8.36,100.0,3.71,16.02,yes
43,Martin Blum,"GERM, ENGL",26,8,7,668,81.23,76.82,4.41,1.73,71.43,-1.18,8.11,
44,You Rao,MATH,20,4,7,3516,71.84,67.47,4.38,2.24,71.43,-1.29,5.95,
45,Andrew Irvine,"PHIL, MATH",32,11,7,1262,74.52,70.16,4.36,4.03,71.43,0.8,9.38,yes
46,James Phelan,"ENGL, DIHU",33,8,9,655,79.75,75.4,4.35,5.16,77.78,1.46,6.98,yes
47,Catherine Higgs,HIST,21,13,3,373,76.19,71.89,4.3,-3.43,33.33,-3.55,5.87,
48,Islam Osman,"COSC, MATH",21,4,14,2867,75.21,70.95,4.27,4.61,71.43,2.86,5.83,yes
49,Eric Foxall,"MATH, STAT",19,6,7,1104,74.63,70.37,4.27,4.76,71.43,-0.63,6.47,
50,Ruth Frost,HIST,30,9,5,445,71.5,67.24,4.26,4.06,80.0,0.89,6.49,yes
51,Ladan Tazik,"DATA, STAT",17,4,11,1839,77.23,72.99,4.24,2.99,100.0,2.92,6.58,yes
52,Alyse Hawley,"ENGR, APSC",11,4,6,1471,79.46,75.29,4.18,5.29,83.33,-2.56,7.76,
53,David Doody,VISA,35,12,16,751,85.02,80.87,4.14,3.97,81.25,1.96,5.72,yes
54,Sandra Christine Balfour,NRSG,48,13,4,2111,86.71,82.57,4.14,2.8,75.0,-0.69,6.29,
55,Michelle St. Pierre,PSYO,7,5,4,1174,82.06,78.02,4.04,3.05,75.0,-1.04,5.51,
56,Robert Friberg,"EESC, SUST",28,12,5,3544,73.75,69.71,4.04,2.77,60.0,-2.32,7.28,
57,Tim Paulson,"HIST, IGS",25,7,6,532,76.91,72.88,4.02,6.82,100.0,3.21,8.37,yes
58,Bryce Dixon,HES,8,4,2,286,78.63,74.61,4.02,6.31,100.0,1.2,11.42,yes
59,Adam Schroeder,CRWR,14,10,6,439,82.07,78.05,4.02,5.99,100.0,2.32,8.31,yes
60,Kerrie Charnley,"ENGL, CULT",29,9,4,369,76.94,72.93,4.01,3.99,100.0,3.5,5.38,yes
61,Amir Ardestani-Jaafari,"MGMT, COMM",13,6,4,1418,80.71,76.7,4.0,3.48,100.0,2.21,10.44,yes
62,Jacen Dennis,"VISA, MDST",16,8,6,815,82.35,78.35,4.0,2.94,66.67,2.38,7.37,yes
63,Tania Willard,"CCS, VISA",19,9,11,324,83.53,79.54,3.99,3.02,63.64,-1.22,7.76,
64,David Boutillier,PHIL,16,9,3,400,75.71,71.75,3.96,3.64,100.0,0.6,4.64,yes
65,John Lyon,"NSYL, INLG",12,5,3,40,84.27,80.36,3.91,1.93,66.67,-5.57,7.8,
66,Heather Latimer,"GWST, IGS",19,7,8,934,78.5,74.62,3.88,1.63,75.0,-1.24,5.45,
67,Babak Mohamadpour Tosarkani,"MANF, ENGR",16,6,4,682,85.66,81.79,3.88,1.86,75.0,-0.76,5.45,
68,Aisha Ravindran,"ENGL, CORH",16,6,5,426,80.11,76.26,3.85,3.95,100.0,2.57,4.66,yes
69,Shambhavi Singh,"MATH, COSC",29,7,19,3938,73.61,69.76,3.85,-0.64,47.37,-0.14,7.16,
70,Mark Rheault,BIOL,21,12,4,334,80.5,76.66,3.84,4.29,100.0,2.78,5.38,yes
71,Sandun Tharaka Wanniarachchi,"APSC, ENGR",14,7,4,2178,77.18,73.34,3.84,0.09,50.0,-3.14,8.64,
72,Éowyn Campbell,"EESC, GEOG",12,4,6,839,77.9,74.07,3.83,4.27,83.33,3.37,4.86,yes
73,Ramine Adl,FREN,32,12,8,733,82.35,78.55,3.8,3.08,87.5,2.45,4.92,yes
74,Cynthia Hernández Garcia,SPAN,22,6,7,548,84.98,81.19,3.79,3.81,100.0,1.47,4.8,yes
75,Fatemeh Hendijani Fard,"DATA, COSC",27,6,5,1321,83.13,79.35,3.78,4.02,80.0,-0.97,5.26,
76,Susan Murch,"CHEM, BIOC",29,11,3,383,87.08,83.3,3.77,2.97,100.0,2.75,10.09,yes
77,Jessica Lougheed,PSYO,12,6,4,1581,84.22,80.46,3.76,4.49,100.0,2.63,5.19,yes
78,Vahid Asgharian,"APSC, ENGR",8,4,4,1147,72.36,68.64,3.72,3.67,100.0,1.67,4.83,yes
79,Graeme Webb,APSC,38,7,2,1307,76.87,73.16,3.71,3.8,100.0,2.63,4.96,yes
80,Peyman Amiri,"ENGR, APSC",19,6,6,2201,77.15,73.49,3.65,3.31,100.0,2.09,5.96,yes
81,Md Hossain,"ENGR, APSC",24,8,7,1196,76.76,73.12,3.64,0.83,57.14,-1.15,9.61,
82,Haibo Feng,"ENGR, APSC",8,6,6,1064,81.86,78.23,3.63,1.42,100.0,0.76,7.25,yes
83,Alexandre Santos,"HES, HMKN",23,5,6,1264,83.2,79.58,3.62,3.35,83.33,0.79,7.16,yes
84,Vsevolod Lynov,COSC,10,6,3,1048,82.12,78.52,3.6,4.68,100.0,2.22,6.24,yes
85,Palak Goyal,"PHYS, MATH",8,4,4,918,76.18,72.63,3.56,1.37,50.0,-7.26,5.87,
86,Milad Ramezankhani,"APSC, ENGR",14,7,6,1730,78.95,75.4,3.55,1.92,100.0,1.37,6.56,yes
87,James Bailey,CHEM,8,5,2,70,83.73,80.2,3.53,5.85,100.0,1.35,10.35,yes
88,Katie Del Buono,"NRSG, BIOL",13,4,6,862,87.04,83.52,3.51,4.02,83.33,2.39,5.2,yes
89,Claire Halston,"ENGL, WRLD",26,7,5,823,77.97,74.46,3.51,3.29,80.0,2.09,6.1,yes
90,Donna Jansons,SOCW,25,18,3,345,92.84,89.37,3.48,4.87,100.0,0.89,5.48,yes
91,Ahmed Elmouchi,"APSC, ENGR",20,7,7,2712,74.74,71.28,3.46,1.74,71.43,1.53,5.04,yes
92,Virginie Magnat,"THTR, WRLD",61,10,7,248,90.22,86.78,3.44,3.68,85.71,2.06,5.19,yes
93,Ken Chidlow,COSC,13,9,4,932,77.16,73.75,3.41,3.39,100.0,3.05,3.59,yes
94,Robin Young,"BIOL, BIOC",40,10,10,5632,74.48,71.07,3.41,3.52,70.0,0.49,4.44,yes
95,Andrea Craig,ECON,17,6,5,703,74.17,70.8,3.38,3.11,80.0,2.47,6.05,yes
96,Tanja Halsall,"MGMT, HMKN",7,7,2,593,82.28,78.91,3.37,1.98,100.0,0.18,3.79,yes
97,Qian Chen,"ENGR, APSC",16,4,5,1012,86.73,83.39,3.34,3.25,100.0,0.87,5.72,yes
98,Umar Turaki,CRWR,15,4,7,561,81.09,77.77,3.32,4.7,71.43,1.63,7.54,yes
99,Alexandria Krause,ENGL,21,6,5,657,75.69,72.44,3.25,5.13,80.0,0.44,6.48,yes
100,Shan Du,"COSC, DATA",11,4,6,908,82.25,79.03,3.22,3.19,66.67,0.12,6.16,yes
101,Kara Malcolm,NRSG,23,7,4,1181,89.3,86.11,3.19,2.06,75.0,0.12,6.73,yes
102,Hassan Iqbal,"MANF, ENGR",33,9,7,1205,83.39,80.23,3.15,3.14,100.0,2.48,5.22,yes
103,Hirushie Karunathilake,"APSC, ENGR",8,5,6,1195,79.71,76.59,3.13,1.54,66.67,-0.24,6.55,
104,Alessandro Ielpi,"EESC, GEOG",10,4,4,253,77.69,74.6,3.09,3.09,75.0,0.21,4.74,yes
105,Maryam Golestani Najafabadi,APSC,26,6,5,2643,73.59,70.51,3.08,2.27,60.0,-1.19,6.13,
106,Reza Sourki,APSC,7,6,4,749,76.59,73.55,3.03,3.66,50.0,-2.71,13.16,
107,Lawrence Berg,"GEOG, IGS",35,12,4,1090,80.19,77.21,2.98,-0.93,50.0,-3.99,3.18,
108,John Greenough,EESC,26,9,6,433,75.58,72.61,2.97,1.5,83.33,-0.93,5.79,
109,Shirley Hutchinson,PSYO,51,15,9,10311,77.44,74.5,2.94,1.89,66.67,1.03,8.09,yes
110,Mary Stockdale,"GEOG, ANTH",21,11,5,279,81.52,78.59,2.93,2.97,80.0,0.19,3.84,yes
111,Kh Md Nahiduzzaman,"ENGR, IGS",7,4,5,487,82.18,79.28,2.91,1.06,60.0,-1.37,5.69,
112,Derrick Wirtz,PSYO,46,18,5,8056,80.08,77.17,2.9,3.02,80.0,1.47,4.35,yes
113,Mitchell Wiebe,"PHYS, MATH",17,4,10,3120,74.33,71.47,2.87,3.11,90.0,1.18,4.47,yes
114,Paul D Lee,MATH,9,6,6,341,72.91,70.05,2.86,3.09,66.67,-2.22,10.92,
115,Mohamed Shehata,"COSC, DATA",23,11,8,874,77.47,74.62,2.85,1.29,62.5,-0.82,5.59,
116,Manfred Elfstrom,"POLI, IGS",24,7,4,806,73.42,70.58,2.84,0.7,50.0,-0.92,4.12,
117,Brian Dalton,"HMKN, HES",24,8,4,1340,78.12,75.28,2.84,0.26,75.0,-0.22,4.27,
118,Sarah Gumpinger,MGMT,26,10,7,2847,74.92,72.11,2.81,1.58,71.43,1.19,5.61,yes
119,W. Stephen McNeil,CHEM,13,4,5,1401,73.54,70.73,2.81,1.34,80.0,0.65,4.31,yes
120,Richard Plunkett,"BIOL, BIOC",110,20,10,6424,79.84,77.03,2.81,4.3,80.0,-0.43,5.95,
121,Reza Khanbabaie-Shoub,PHYS,23,7,9,1326,75.56,72.75,2.8,6.29,88.89,0.94,13.17,yes
122,Megan Udala,"PSYO, DATA",28,18,14,5848,80.17,77.39,2.79,2.52,57.14,0.01,5.35,yes
123,Maria Martignoni Mseya,"MATH, COSC",8,4,5,591,70.94,68.18,2.76,1.86,60.0,-1.38,5.92,
124,Alwyn Spies,"WRLD, JPST",39,13,7,831,79.77,77.02,2.75,2.95,85.71,0.81,4.27,yes
125,Anne Tseu,PSYO,9,5,5,1562,80.81,78.06,2.74,1.9,80.0,-1.14,6.87,
126,Aiqing Lan,ENGR,12,4,4,369,82.09,79.38,2.72,2.64,100.0,1.55,4.08,yes
127,Jing Li,"APSC, ENGL",32,7,4,940,76.33,73.62,2.71,3.0,75.0,0.63,3.5,yes
128,Md Zabid Iqbal,ECON,7,4,3,263,74.01,71.34,2.66,2.45,66.67,-0.61,3.61,
129,Ayman Elnaggar,"ENGR, APSC",50,10,7,3729,75.13,72.46,2.66,3.88,85.71,0.46,6.12,yes
130,Jonathan Holzman,"ENGR, APSC",31,11,9,2595,73.26,70.6,2.66,1.56,55.56,-0.35,3.95,
131,Christine Schreyer,"ANTH, IGS",27,10,8,748,80.25,77.59,2.65,2.01,87.5,0.55,3.48,yes
132,Maya Libben,PSYO,27,16,3,4527,75.18,72.53,2.64,0.72,66.67,-1.92,2.67,
133,Sandra Peacock,ANTH,9,4,5,412,77.0,74.36,2.64,7.91,80.0,-0.77,9.99,
134,Yuri Reis Rodrigues,"APSC, ENGR",11,4,4,1272,75.11,72.49,2.63,3.16,75.0,1.11,5.02,yes
135,Yue Zhang,"APSC, ENGR",13,5,5,1983,75.88,73.26,2.61,2.36,100.0,1.93,3.3,yes
136,Negin Kazemian,"ENGR, APSC",9,4,5,1024,79.4,76.79,2.61,2.55,60.0,-0.75,5.41,
137,Maher Al-Hawarneh,"ENGR, APSC",11,5,6,1133,76.24,73.71,2.52,-0.52,33.33,-5.49,6.5,
138,Conor Pranckevicius,CHEM,9,5,2,116,78.2,75.69,2.51,1.58,50.0,-1.44,4.59,
139,Tamara Ebl,MGMT,62,12,3,795,75.88,73.41,2.46,-1.02,33.33,-3.54,3.67,
140,Jeffrey More,SOCW,18,4,3,506,90.29,87.83,2.46,2.47,100.0,1.11,3.23,yes
141,Richard Aleong,"APSC, ENGR",24,8,6,745,78.78,76.33,2.45,2.61,83.33,-1.09,4.24,
142,Humera Ahmed,"APSC, ENGR",16,4,5,2158,75.9,73.46,2.44,1.7,60.0,-0.65,3.21,
143,Sepideh Pakpour,"ENGR, APSC",15,7,4,2056,78.46,76.05,2.41,2.57,75.0,1.87,6.05,yes
144,Leanne Ten Brinke,PSYO,11,5,3,1854,81.44,79.14,2.3,1.08,66.67,-1.34,2.45,
145,Firas Moosvi,"DATA, COSC",29,5,15,2883,82.67,80.42,2.25,1.67,66.67,-0.15,4.15,
146,Rachel Greiner,NRSG,11,5,3,863,86.59,84.38,2.21,1.45,100.0,1.22,4.29,yes
147,Sumi Siddiqua,"ENGR, APSC",43,15,5,1383,80.59,78.39,2.2,3.25,80.0,-2.43,5.28,
148,Chen Feng,"ENGR, APSC",33,13,7,2077,77.82,75.63,2.18,2.18,100.0,1.64,10.39,yes
149,Shawn Wang,"MATH, COSC",29,11,4,322,74.53,72.36,2.17,2.67,100.0,1.41,4.24,yes
150,Megan Harper,HMKN,7,4,5,997,78.74,76.58,2.16,0.15,60.0,-2.95,5.13,
151,Mehnaz Tabassum,"ENGL, CULT",19,4,7,663,76.97,74.81,2.16,2.01,57.14,-0.76,5.84,
152,Kelsey Caston,NRSG,19,5,7,1201,84.33,82.18,2.15,-0.15,42.86,-0.81,4.57,
153,A. Sandy Hilton,MGMT,12,6,5,1766,74.78,72.67,2.11,1.8,60.0,-1.04,4.9,
154,Ahmad Rahmzadeh Gharehghanat,"APSC, ENGR",17,6,5,2741,69.27,67.18,2.09,-0.7,40.0,-1.33,3.87,
155,Zhongda Huang,"MATH, PHYS",13,4,6,2979,72.83,70.74,2.09,1.71,83.33,0.5,3.05,yes
156,Md Rashedul Kabir,"APSC, ENGR",9,4,4,1180,72.05,69.97,2.09,0.73,50.0,-0.66,2.99,
157,Melissa Jacques,"ENGL, CULT",73,12,17,1256,77.39,75.32,2.07,2.26,64.71,0.06,3.92,yes
158,Zoe Soon,"HMKN, HINT",66,12,11,4374,82.57,80.52,2.05,-0.24,45.45,-0.06,3.37,
159,Gordon Lovegrove,ENGR,32,15,4,1563,80.25,78.21,2.04,2.5,75.0,-0.51,5.07,
160,Wei Dai,ECON,23,7,8,1527,69.95,67.91,2.04,0.17,50.0,-0.58,3.57,
161,Marvin Krank,PSYO,23,7,3,2110,78.28,76.26,2.03,2.05,66.67,-0.22,2.11,
162,Mohsen Javdani,ECON,25,8,6,1094,68.42,66.42,2.0,2.02,66.67,-1.03,3.85,
163,Karen Switzer,EDUC,9,5,2,298,88.37,86.37,2.0,-0.45,50.0,-3.65,2.75,
164,Liwei Wang,"ENGR, APSC",43,12,7,3412,75.22,73.25,1.97,2.45,71.43,-0.2,3.27,
165,Youry Khmelevsky,"COSC, DATA",9,7,5,703,82.63,80.67,1.96,1.47,80.0,-1.85,3.44,
166,Abdul Basit Zia,"APSC, ENGR",13,5,3,1820,69.35,67.39,1.96,2.2,100.0,1.35,7.62,yes
167,Maria Guenter,"MATH, STAT",20,4,13,2997,71.81,69.85,1.96,2.16,53.85,-0.31,3.65,
168,Xia Li,"CHEM, BIOC",20,5,7,2608,73.46,71.51,1.95,1.78,71.43,0.46,5.91,yes
169,Kit Pasula,ECON,47,12,5,1685,72.66,70.7,1.95,1.12,100.0,0.88,4.78,yes
170,Laura Struik,NRSG,7,6,2,131,87.5,85.55,1.95,1.22,100.0,0.32,2.13,yes
171,Rishma Chooniedass,"NRSG, HINT",25,7,7,1523,86.08,84.13,1.95,-0.26,28.57,-0.97,3.9,
172,Jason Pither,"BIOL, GEOG",18,11,4,2676,73.68,71.75,1.93,-3.07,50.0,-11.95,2.01,
173,Maya Pilin,"PSYO, DATA",17,10,10,2579,78.39,76.47,1.92,1.77,70.0,-0.75,3.61,
174,Amielya Keast,"NRSG, HINT",34,7,8,1948,84.51,82.59,1.92,2.02,87.5,0.76,2.61,yes
175,Dana Penney,ENGL,18,6,5,1158,75.64,73.74,1.9,2.72,100.0,1.1,4.67,yes
176,Sanjoy Ghosh,"BIOC, BIOL",21,12,4,390,76.22,74.34,1.88,-3.04,25.0,-6.35,4.05,
177,Yanqi Yu,"ENGR, APSC",31,7,8,3408,73.88,72.03,1.85,1.58,87.5,-0.19,3.9,
178,Crystal Mundy,PSYO,8,5,5,1238,78.84,76.99,1.85,1.09,80.0,0.32,3.57,yes
179,Sarah Dow-Fleisner,SOCW,7,6,2,215,88.51,86.67,1.85,0.2,50.0,-3.44,3.84,
180,Javad Tavakoli,"MATH, STAT",32,11,12,2821,70.63,68.8,1.82,1.56,75.0,-0.14,4.79,
181,Bradley Reinholz,"APSC, MATH",32,6,15,4868,74.89,73.08,1.81,0.67,60.0,0.6,3.53,yes
182,Xiang Peng,"APSC, ENGR",8,4,2,1210,78.88,77.07,1.81,-0.03,50.0,-2.83,2.78,
183,Sarah Camacho,"NRSG, HINT",38,11,8,2236,87.76,85.96,1.8,1.86,75.0,0.2,2.91,yes
184,Nasibeh Ahadi Maragheh,"ANTH, GEOG",10,5,7,800,80.84,79.05,1.78,1.37,57.14,-1.32,4.02,
185,Isabelle Therriault,"EESC, GEOG",22,10,9,1045,72.88,71.1,1.78,1.81,77.78,-0.97,3.6,
186,Rebecca Feldman,PHYS,8,5,2,393,75.41,73.66,1.75,2.34,100.0,1.58,3.1,yes
187,Jennifer Ingle,"PHIL, POLI",33,9,6,1616,78.01,76.26,1.75,1.64,100.0,0.53,4.07,yes
188,Stephanie Tolman,FREN,84,20,9,2377,79.09,77.35,1.74,2.65,88.89,0.97,3.18,yes
189,Yang Cao,"APSC, ENGR",51,12,8,5939,72.37,70.63,1.74,0.94,75.0,0.58,3.06,yes
190,Janis Wegerhoff,NRSG,8,6,4,628,82.01,80.29,1.72,1.26,50.0,-4.54,4.57,
191,Mehdi Jahandardoost,"ENGR, APSC",8,4,6,625,75.13,73.42,1.72,4.54,100.0,0.65,7.02,yes
192,Lisa Grekul,ENGL,36,10,4,2553,72.45,70.74,1.71,-0.74,50.0,-4.7,2.8,
193,Kirk Bergstrom,"BIOL, BIOC",10,7,5,637,79.69,77.98,1.71,1.46,80.0,-3.35,3.82,
194,Ali Ahmadi,"APSC, ENGR",12,4,8,1485,73.59,71.9,1.69,2.2,75.0,0.04,4.62,yes
195,Daniel Austin,"GISC, EESC",19,9,5,609,80.49,78.81,1.68,-0.19,40.0,-0.46,2.87,
196,Cameron Chong,COSC,13,4,6,1828,75.86,74.19,1.68,1.02,66.67,-1.67,5.47,
197,Laura Hockman,SOCW,19,12,7,405,91.5,89.86,1.64,1.33,71.43,0.48,4.08,yes
198,Jamie Piercy,PSYO,23,6,4,4046,80.57,78.94,1.63,2.35,75.0,-0.28,4.23,
199,Francois Gauthier,"HIST, WRLD",35,8,7,782,74.61,72.99,1.62,0.55,57.14,-6.04,4.23,
200,Ian Foulds,"APSC, ENGR",40,12,9,4525,74.32,72.71,1.61,-0.86,44.44,-1.66,3.46,
201,Gabriel Jarry-Bolduc,"MATH, COSC",29,8,15,2684,71.91,70.32,1.6,1.52,66.67,-0.92,3.74,
202,Jennifer Gustar,"ENGL, CULT",28,10,5,614,72.86,71.29,1.56,0.65,60.0,-2.44,1.93,
203,Carmen Miranda-Barrios,SPAN,31,9,4,850,81.76,80.2,1.56,3.53,100.0,0.55,4.85,yes
204,Michelle Scranton,NRSG,37,7,6,1958,85.65,84.12,1.53,1.03,83.33,0.57,2.23,yes
205,Wilson Eberle,"ENGR, APSC",33,12,4,590,76.58,75.05,1.52,0.48,50.0,-6.21,3.08,
206,Jia Xu,MATH,19,5,7,2719,69.57,68.06,1.51,3.07,57.14,-0.05,5.69,
207,Nicola Waters,"NRSG, HINT",9,6,5,483,87.0,85.49,1.51,1.45,80.0,0.04,3.15,yes
208,Catherine Shaw,"ENGL, APSC",44,11,6,1384,75.26,73.76,1.5,2.07,66.67,-0.13,5.21,
209,Brigitte Le Normand,"HIST, IGS",19,6,10,761,70.54,69.05,1.49,-0.47,50.0,-3.74,5.35,
210,Andrew Ogilvy,"PHYS, MATH",35,6,12,6544,73.92,72.43,1.49,3.36,75.0,-0.27,4.61,
211,Holly Ward,VISA,16,5,5,267,82.82,81.34,1.48,1.16,80.0,0.07,2.55,yes
212,Mayu Takasaki,"JPST, WRLD",67,20,6,1333,74.82,73.35,1.47,-0.57,50.0,-3.72,2.66,
213,Jon Corbett,"GEOG, IGS",21,10,8,1228,79.97,78.5,1.47,0.99,62.5,-0.27,6.78,
214,Dean Richert,"MANF, APSC",42,10,9,2955,71.62,70.17,1.45,5.67,88.89,-1.65,5.52,
215,Gyan Kumar Chhipi Shrestha,ENGR,8,6,7,611,80.9,79.45,1.45,3.72,57.14,-2.8,5.55,
216,Dimitry Sediako,"ENGR, MANF",17,11,4,1641,81.84,80.4,1.44,0.02,50.0,-1.22,8.14,
217,Alejandra Fuentes Nunez,"MATH, PHYS",16,4,9,3190,71.88,70.45,1.44,1.03,66.67,-0.01,2.83,
218,Catherine Kyle,"GEOG, ANTH",54,16,15,3323,79.45,78.02,1.43,0.87,60.0,0.16,7.27,yes
219,Thomas Johnson,"ENGR, CMPE",30,12,4,562,81.52,80.1,1.42,2.54,75.0,-2.74,3.78,
220,Peter Wylie,ECON,27,10,4,1011,73.92,72.52,1.4,-1.34,25.0,-3.25,6.18,
221,Malcolm Metcalfe,ENGR,13,12,3,563,78.74,77.34,1.4,2.61,66.67,-3.21,3.18,
222,Chaoping Guo,"COSC, MATH",12,4,10,954,76.38,75.0,1.38,-0.65,40.0,-0.79,3.5,
223,Sally Stewart,"HMKN, HINT",66,18,6,2606,83.22,81.85,1.37,0.97,50.0,-1.18,5.18,
224,Jeewon Yoo,"MATH, COSC",31,10,9,4311,69.37,68.01,1.37,0.03,55.56,-0.83,4.69,
225,Zachary Walsh,PSYO,13,9,3,1939,77.88,76.51,1.36,-1.18,33.33,-6.32,1.52,
226,Heather Gainforth,"HMKN, HES",24,11,4,391,87.45,86.09,1.35,0.2,50.0,-0.46,3.86,
227,Kevin Golovin,"APSC, ENGR",20,5,9,1996,73.02,71.67,1.35,0.44,66.67,-0.54,3.04,
228,Congsong Zhang,"COSC, STAT",31,9,19,3496,74.88,73.55,1.33,0.83,57.89,-0.94,3.14,
229,Gema Rodriguez-Perez,"COSC, DATA",13,4,7,733,84.96,83.64,1.33,-0.54,42.86,-3.45,2.9,
230,Bayan Al Nahhas,"APSC, ENGR",9,4,6,1395,73.02,71.7,1.32,0.67,83.33,-1.39,4.36,
231,Fes Alexander De Scally,"GEOG, EESC",24,10,5,1012,73.11,71.8,1.31,-0.01,40.0,-0.28,4.26,
232,Shannon Ward,"ANTH, IGS",18,7,6,754,77.83,76.53,1.3,0.45,50.0,-1.02,1.94,
233,Ken Savage,"BIOL, BIOC",44,10,12,2769,72.27,70.98,1.3,-1.05,33.33,-2.02,2.59,
234,Cristina Senn,SPAN,66,17,8,1973,82.16,80.88,1.28,-1.25,37.5,-1.5,2.39,
235,Chad Davis,"MATH, STAT",50,17,13,5319,69.44,68.16,1.28,-1.17,30.77,-2.81,3.31,
236,John Alan Brereton,"ENGR, APSC",43,6,14,5426,76.09,74.82,1.28,0.17,57.14,0.02,2.49,yes
237,Karis Shearer,"ENGL, IGS",18,9,7,449,75.91,74.66,1.26,1.05,57.14,-1.3,4.16,
238,Dixon Sookraj,"SOCW, HEAL",37,15,4,690,90.58,89.33,1.25,3.39,75.0,-2.09,5.75,
239,Bradley A Reinholz,"APSC, ENGR",19,5,9,2634,73.14,71.89,1.25,0.49,77.78,-0.25,2.43,
240,Solomon Tesfamariam,ENGR,20,8,4,1199,75.81,74.56,1.25,3.82,75.0,-1.17,8.96,
241,Billy Spelchan,"COSC, MATH",26,5,16,2700,74.79,73.54,1.25,0.02,50.0,-0.61,2.33,
242,Arash Dalili Shoaei,"APSC, ENGR",21,5,9,2628,74.23,72.98,1.25,0.99,55.56,-3.26,7.62,
243,Nicole de Bosch Kemper,"NRSG, HINT",33,7,11,1798,85.8,84.57,1.23,1.06,72.73,0.35,2.42,yes
244,Alireza Sadeghifar,CHEM,15,7,5,1083,72.27,71.05,1.23,1.75,60.0,0.09,3.45,yes
245,Yves Lucet,"COSC, DATA",33,12,9,1549,78.49,77.27,1.22,-0.31,33.33,-2.24,1.61,
246,Amanda Tregilges,NRSG,60,9,12,3353,84.0,82.78,1.22,0.41,50.0,-0.15,2.43,
247,Saeed Moghaddam,"APSC, MATH",32,6,14,4710,71.22,70.0,1.22,1.6,78.57,-0.68,3.4,
248,Cassidy Wallis,PSYO,16,6,12,2625,77.39,76.17,1.22,1.48,58.33,-1.35,3.79,
249,Gholamreza Naser,"ENGR, APSC",20,6,7,1740,77.33,76.11,1.22,1.77,57.14,-0.82,4.04,
250,Jordan Carr,"HMKN, HES",12,4,10,1612,78.14,76.93,1.21,-0.05,50.0,-0.33,2.5,
251,Stephen O'Leary,"ENGR, APSC",32,12,6,1851,74.9,73.71,1.19,1.55,66.67,-1.52,2.67,
252,Darlene Taylor,NRSG,9,4,5,360,85.32,84.13,1.19,3.19,80.0,-1.34,4.95,
253,Sabine Weyand,"ENGR, APSC",37,13,5,4094,79.95,78.77,1.18,0.91,80.0,-0.19,2.89,
254,Julien Vernet,HIST,40,11,2,39,81.29,80.11,1.18,-0.49,50.0,-4.82,3.85,
255,April Ambler,NRSG,21,5,4,1409,86.21,85.03,1.18,1.24,100.0,0.47,1.65,yes
256,Alon Eisenstein,"APSC, ENGR",32,10,8,2091,81.46,80.29,1.17,0.53,50.0,0.13,3.27,yes
257,Robert Young,"EESC, GEOG",39,11,5,713,70.15,68.99,1.16,1.0,60.0,-0.86,5.33,
258,Wayne Broughton,MATH,56,11,9,7544,69.6,68.44,1.16,-2.96,22.22,-4.23,2.2,
259,Anas Chaaban,"ENGR, APSC",28,9,7,2276,71.59,70.45,1.14,-3.21,42.86,-4.55,2.68,
260,Suzanne Gott,ARTH,44,12,4,762,71.28,70.14,1.14,0.19,50.0,-2.03,3.71,
261,Mohammad Hossein Zarifi,"ENGR, APSC",23,9,8,1860,75.18,74.04,1.13,1.5,87.5,-0.83,3.35,
262,Ethan James Clark,"GEOG, EESC",11,4,5,861,72.94,71.81,1.13,-0.41,20.0,-0.94,1.3,
263,Lael Parrott,"EESC, GEOG",18,5,2,72,78.54,77.42,1.12,-0.65,50.0,-6.45,5.15,
264,Kirthana Ganesh,PSYO,7,5,4,578,80.14,79.03,1.12,1.34,75.0,-0.04,2.36,
265,Eric Zvaniga,MGMT,37,7,8,3209,75.91,74.8,1.12,0.66,62.5,-0.95,2.89,
266,Deborah Roberts,"ENGR, APSC",21,7,5,973,76.55,75.44,1.11,1.66,60.0,-0.76,3.0,
267,Seach Chyr Goh,"APSC, ENGR",51,10,8,6378,71.27,70.16,1.11,1.11,62.5,-1.33,2.25,
268,Tamara Freeman,CHEM,49,9,6,7037,71.38,70.28,1.11,2.3,66.67,0.05,4.16,yes
269,Michelle Earl,NRSG,61,9,13,4165,84.16,83.06,1.1,0.43,69.23,0.2,1.93,yes
270,Alexander Marcel Macduff,"EESC, GEOG",10,4,7,260,76.13,75.03,1.1,3.2,71.43,-1.45,4.69,
271,Jelena Jovicic,FREN,44,12,7,723,80.45,79.37,1.08,4.0,85.71,-0.02,3.85,
272,Warren Hare,"MATH, COSC",34,10,11,2083,73.11,72.04,1.07,1.3,54.55,-2.08,1.95,
273,Morad Abdelaziz,"ENGR, APSC",13,4,4,1319,71.96,70.89,1.07,1.27,100.0,0.97,1.62,yes
274,Karl Pinno,ECON,38,9,7,2804,71.44,70.39,1.06,0.35,57.14,-2.62,2.5,
275,Norma Hilsmann,NRSG,78,15,9,2185,85.9,84.85,1.05,1.1,77.78,0.28,1.83,yes
276,Billie Franck,SOCI,10,4,6,1662,75.26,74.22,1.04,0.36,66.67,-1.15,2.28,
277,Maryam Sadeghi,"MATH, APSC",51,7,18,6859,71.96,70.92,1.04,2.46,77.78,-1.46,3.24,
278,Beth Miller,NRSG,30,5,6,2046,83.1,82.07,1.03,0.94,66.67,-0.33,1.94,
279,Nicholas Swart,"APSC, ENGR",22,12,7,3683,77.96,76.94,1.02,0.87,71.43,-0.56,2.71,
280,Ray Taheri-Ardebili,"APSC, ENGR",53,15,9,6103,74.77,73.75,1.02,1.33,55.56,-4.39,6.1,
281,Halina Sapeha,POLI,17,5,5,660,76.94,75.93,1.01,3.28,80.0,-2.69,5.87,
282,Robert Belton,"ARTH, MUSC",28,5,9,502,75.2,74.19,1.0,0.74,66.67,-1.27,5.56,
283,Anber Rana,"APSC, MGMT",37,6,14,2908,77.46,76.46,1.0,1.39,64.29,-1.06,2.67,
284,Kenneth Chau,"ENGR, APSC",32,11,6,2878,80.57,79.58,0.99,1.18,66.67,-2.15,2.02,
285,Bobbi-Jo Oliver,NRSG,48,6,9,2543,83.4,82.41,0.99,-0.43,44.44,-0.32,2.83,
286,Antreas Pogiatzis,BIOL,8,6,5,677,72.47,71.48,0.99,1.02,80.0,-0.28,2.35,
287,Hussein Keshani,"ARTH, DIHU",50,10,4,501,74.81,73.82,0.98,0.04,50.0,-4.67,1.86,
288,Mohammad Khalad Hasan,"DATA, COSC",28,8,4,1352,82.3,81.32,0.98,-0.15,50.0,-0.82,2.24,
289,Mark Bergen,"APSC, ENGR",19,6,6,1857,70.38,69.4,0.98,0.16,50.0,-0.48,3.14,
290,Eva Marie Kovacs-Kowalke,ANTH,42,16,14,2773,77.71,76.75,0.96,0.76,57.14,-1.04,3.39,
291,Mohammad Tiznobaik,"ENGR, APSC",46,13,13,4939,76.82,75.88,0.94,-0.07,46.15,-0.45,2.57,
292,Joanna Cockerline,"ENGL, MGMT",56,17,10,1451,76.74,75.81,0.93,1.36,70.0,-0.33,3.16,
293,Alison Conway,"GWST, ENGL",13,6,4,141,74.14,73.23,0.91,3.14,75.0,-2.78,5.84,
294,Murray Neuman,PHYS,18,5,5,401,70.7,69.8,0.89,1.79,80.0,-2.79,3.54,
295,Rina Chua,"ENGL, CORH",9,4,5,255,77.24,76.35,0.89,2.22,60.0,-3.03,3.69,
296,Danielle Heisler,NRSG,36,5,12,2446,84.8,83.93,0.87,1.23,66.67,0.15,1.49,yes
297,John Klironomos,BIOL,7,6,3,263,73.44,72.58,0.86,4.38,66.67,-1.26,10.9,
298,John Ward,POLI,12,7,8,791,77.69,76.87,0.82,3.85,87.5,-2.34,5.13,
299,Astrida Neimanis,"GWST, CULT",15,5,3,44,85.95,85.14,0.8,-0.06,33.33,-2.07,4.82,
300,Kumar K C,"EESC, GEOG",7,4,6,221,76.07,75.27,0.8,0.84,50.0,-2.15,4.04,
301,Donna Kurtz,"HINT, NRSG",22,10,3,242,88.97,88.18,0.79,0.12,66.67,-0.82,2.95,
302,Catherine Broom,"EDUC, CUST",17,16,2,260,89.33,88.55,0.79,0.76,100.0,0.15,1.37,yes
303,Ri Li,ENGR,43,12,4,558,83.6,82.83,0.76,2.3,75.0,-3.82,3.18,
304,Phil Smolenski,PHIL,27,7,11,1293,73.9,73.16,0.74,1.86,72.73,-0.76,4.55,
305,Alexander Uhl,"ENGR, APSC",17,7,5,1493,77.73,76.99,0.74,0.33,60.0,-0.04,2.33,
306,Carley Paterson,PSYO,9,4,7,1170,78.47,77.73,0.74,1.42,57.14,-1.23,3.04,
307,Bonny Taylor,"NRSG, HINT",83,16,17,4973,86.07,85.33,0.74,0.94,52.94,-0.6,1.62,
308,Hui Ma,"MATH, COSC",20,7,11,2161,69.11,68.38,0.73,-0.06,45.45,-2.44,1.84,
309,Rebecca S Wells,BIOL,9,4,5,997,74.71,73.99,0.71,-0.43,20.0,-0.67,2.78,
310,Chayne C Planiden,MATH,18,6,5,2352,68.96,68.26,0.71,-1.43,40.0,-7.21,1.83,
311,Leah Dawe,NRSG,119,9,12,6163,83.69,83.0,0.69,0.68,66.67,0.0,1.14,yes
312,Mahmudur Fatmi,ENGR,26,8,7,1152,81.5,80.81,0.69,1.9,57.14,-1.48,4.77,
313,Alison Mcmanus,"HMKN, IGS",28,10,5,261,88.1,87.41,0.68,0.39,80.0,-1.07,2.73,
314,Andis Klegeris,"BIOC, BIOL",24,11,5,879,71.77,71.11,0.66,4.04,60.0,-0.11,4.67,
315,Alexandra Tonnel,FREN,43,11,7,1141,79.65,78.99,0.66,0.77,71.43,-0.43,2.09,
316,Rowan Smart,HMKN,8,4,5,1438,79.81,79.16,0.65,0.22,60.0,-0.17,2.1,
317,Craig Nichol,EESC,31,13,6,992,70.26,69.61,0.65,-1.91,33.33,-3.01,2.54,
318,Kristy Folk,NRSG,44,8,7,2540,85.16,84.52,0.64,0.72,71.43,0.11,1.38,yes
319,Stephen Kimanzi,"APSC, ENGR",16,5,6,1857,75.49,74.86,0.64,1.02,66.67,-0.85,1.8,
320,W. Stephen Mcneil,CHEM,32,8,6,2560,71.4,70.76,0.63,1.17,66.67,-0.71,1.35,
321,Laura Mudde,"SOCI, HIST",13,9,8,963,74.28,73.65,0.63,1.49,62.5,-1.57,3.67,
322,Brenda Huber,NRSG,130,10,12,6532,83.19,82.56,0.63,0.23,50.0,0.07,1.09,yes
323,Ryan Wilson,"NRSG, HINT",63,13,13,3749,86.04,85.42,0.62,0.59,69.23,0.12,1.09,yes
324,Angela Andersen,"ARTH, WRLD",9,5,5,288,80.26,79.64,0.62,0.28,60.0,-1.58,6.52,
325,Tina Olfatbakhsh,"APSC, ENGR",18,6,6,2130,72.68,72.06,0.61,0.73,66.67,-4.41,3.3,
326,Lindsay Kennedy,NRSG,73,15,19,4028,85.91,85.32,0.59,-0.23,47.37,-0.99,2.04,
327,Ethan Guagliardo,ENGL,21,5,8,622,73.43,72.84,0.59,-0.72,37.5,-0.81,2.35,
328,Abdul Rahman Masoud,ENGR,8,4,3,329,79.59,79.01,0.59,-0.64,33.33,-6.33,1.18,
329,Sadia Ishaq,"APSC, ENGR",14,4,6,2256,79.8,79.24,0.56,-0.17,50.0,-0.31,1.81,
330,Paul Shipley,"CHEM, BIOC",23,9,6,2387,70.54,69.98,0.56,1.12,66.67,-0.96,7.04,
331,Melanie Willson,"NRSG, HINT",87,11,17,4806,87.07,86.51,0.56,0.08,52.94,-0.43,1.72,
332,Carolyn Pilsner,NRSG,25,6,9,1251,84.42,83.86,0.56,0.1,55.56,-0.79,2.42,
333,Johannus Janmaat,"ECON, IGS",17,11,4,463,71.41,70.87,0.55,0.63,75.0,-1.36,2.49,
334,Jonathan Cinnamon,"GEOG, IGS",15,5,4,534,79.44,78.9,0.54,0.9,75.0,0.3,2.11,yes
335,Shahria Alam,"ENGR, APSC",29,10,5,1630,77.86,77.32,0.53,1.79,60.0,-0.87,2.67,
336,Stephanie Awotwi-Pratt,"STAT, SOCI",10,4,3,1319,72.24,71.72,0.52,1.21,66.67,-0.34,1.53,
337,Kevin Chong,CRWR,8,4,5,353,78.91,78.39,0.52,2.76,60.0,-0.8,5.17,
338,Parsa Rajabi,COSC,11,6,6,1087,77.27,76.78,0.49,1.75,50.0,-1.92,3.43,
339,Meaghan MacNutt,HES,14,5,3,610,83.52,83.04,0.48,4.25,66.67,-2.16,6.77,
340,Hui Ouyang,"MATH, STAT",33,9,13,3336,70.44,69.96,0.48,0.26,53.85,-1.46,3.5,
341,Gabrielle Legault,"INDG, GWST",19,9,7,679,82.25,81.78,0.48,-0.81,42.86,-2.81,3.51,
342,Eric Dennis,CHEM,9,4,5,657,70.72,70.25,0.47,1.05,60.0,-3.68,2.36,
343,Yu Yan,"APSC, ENGR",41,12,8,4188,74.77,74.3,0.47,1.01,62.5,-0.43,1.8,
344,Susan Frohlick,"ANTH, GWST",21,10,5,534,78.3,77.84,0.46,-0.98,40.0,-1.22,5.83,
345,Stephen Brown,"MATH, COSC",9,6,4,1113,68.45,67.99,0.46,-1.74,50.0,-4.77,3.71,
346,Tamara Kunz,CHEM,93,17,6,11592,70.46,70.01,0.45,2.6,83.33,-0.7,3.39,
347,Nicole De Bosch Kemper,NRSG,90,8,14,4266,85.28,84.84,0.43,-0.23,50.0,-1.01,2.25,
348,Heather Heitman,NRSG,26,5,10,1773,82.66,82.24,0.42,-0.37,40.0,-0.99,1.62,
349,Peter Arthur,"EDUC, ETEC",19,10,3,288,85.27,84.86,0.42,-1.08,33.33,-1.71,0.58,
350,Kabilan Sakthivel,"APSC, ENGR",17,5,7,2121,71.22,70.83,0.39,-0.06,42.86,-2.44,2.83,
351,Cole Mash,"CRWR, ENGL",14,7,7,543,77.01,76.63,0.39,3.25,57.14,-3.56,4.09,
352,Onyx Sloan Morgan,"GEOG, GWST",12,4,5,155,79.18,78.8,0.38,1.15,60.0,-2.88,1.46,
353,Brendan D'Souza,"BIOL, BIOC",95,17,11,3732,77.84,77.47,0.37,-0.02,45.45,-2.92,4.31,
354,Linda Drew,NRSG,72,12,10,4033,83.52,83.17,0.35,0.4,60.0,-0.59,1.1,
355,Sepehr Mosadegh,"ENGR, APSC",28,7,12,3308,76.52,76.17,0.35,-0.54,50.0,-4.2,2.98,
356,Fern Helfand,VISA,18,4,6,350,80.05,79.72,0.34,0.91,83.33,-1.04,2.09,
357,Natalie Anne Crang,NRSG,17,4,10,931,83.74,83.4,0.33,-0.62,40.0,-1.53,2.43,
358,Alexandra Yacyshyn,"HMKN, APSC",11,7,2,696,77.22,76.89,0.33,1.56,50.0,-1.79,4.91,
359,Miranda Hart,BIOL,15,11,3,613,73.12,72.79,0.33,-0.36,33.33,-3.54,12.43,
360,Jose Teixeira,GEOG,40,17,4,889,79.95,79.64,0.32,0.16,50.0,-1.03,3.59,
361,Frazer Atkinson,"HES, HMKN",12,8,6,1389,81.76,81.45,0.31,-0.45,50.0,-2.8,4.36,
362,Wesley Zandberg,"CHEM, BIOC",28,12,5,218,83.51,83.21,0.31,-3.3,40.0,-5.02,5.92,
363,Mehran Shirazi,"ENGR, APSC",55,8,10,3697,73.15,72.86,0.29,1.89,60.0,-2.21,5.31,
364,Armin Rashidi,"ENGR, APSC",16,5,9,1163,78.04,77.76,0.27,-0.62,44.44,-1.73,2.78,
365,Meredith Turner,NRSG,41,6,10,2103,84.02,83.75,0.27,0.02,50.0,-0.69,1.27,
366,Zheng Liu,"ENGR, APSC",34,13,6,2111,80.92,80.65,0.27,1.84,66.67,-1.21,2.77,
367,Jinelle Gelinas,HMKN,8,5,4,1347,76.27,76.01,0.26,0.19,50.0,-1.93,1.31,
368,Sheila Westwell,MGMT,50,14,8,1714,74.46,74.22,0.25,0.11,62.5,-1.79,2.14,
369,Jeffrey Therrien,CHEM,16,9,6,723,69.91,69.67,0.24,0.24,50.0,-1.14,3.72,
370,Katherine Pickering,"VISA, CCS",75,16,12,1363,81.95,81.72,0.23,-1.2,41.67,-1.22,1.42,
371,Rudolf Seethaler,"ENGR, APSC",39,15,8,1401,79.54,79.33,0.21,2.39,62.5,-4.19,4.81,
372,Cathrine Robinson,NRSG,33,9,5,1034,86.37,86.17,0.2,-0.02,40.0,-0.43,1.84,
373,Annamma Joy,MGMT,23,10,6,2231,79.53,79.33,0.2,-0.49,50.0,-5.47,3.01,
374,Ross Hickey,"ECON, MGMT",30,12,8,1635,71.48,71.28,0.19,1.46,62.5,-1.63,4.84,
375,Bridget Trainor,"ENGL, EAP",17,7,4,467,74.63,74.45,0.18,-0.54,25.0,-1.5,1.05,
376,Anita Chaudhuri,"CORH, ENGL",22,8,5,383,79.08,78.9,0.18,-0.82,40.0,-2.17,3.86,
377,Araz Sholehkerdar,"PHYS, MATH",14,4,8,1905,74.18,74.0,0.18,0.06,50.0,-1.82,2.65,
378,Nathalie Hager,ARTH,49,15,10,2229,72.74,72.56,0.18,0.07,60.0,-2.64,1.59,
379,Patrick Lundeen,"VISA, CCS",44,14,12,818,81.92,81.76,0.16,0.31,50.0,-0.84,1.27,
380,Diana Monk,NRSG,48,6,13,3284,83.95,83.79,0.16,0.47,69.23,-0.53,0.77,
381,Pengxia Wu,"ENGR, APSC",8,5,4,610,76.07,75.91,0.16,1.23,75.0,-4.67,2.96,
382,Kaylee Misener,PSYO,20,10,9,2554,79.54,79.39,0.15,-0.16,44.44,-2.56,1.61,
383,Elizabeth Keys,NRSG,10,4,2,325,86.74,86.6,0.13,0.93,100.0,0.03,1.82,yes
384,Shahab Zeraati Dizjeh,"APSC, ENGR",14,4,4,1922,74.65,74.52,0.13,0.05,50.0,-1.57,1.61,
385,Charlene Strumpel,NRSG,132,12,6,4212,82.0,81.88,0.11,-0.25,33.33,-1.12,0.99,
386,Jon Vickery,"ENGL, HIST",76,22,7,2857,73.6,73.49,0.11,4.11,57.14,-0.96,2.89,
387,Katherine Rose,PSYO,25,12,8,3510,76.26,76.16,0.11,0.11,50.0,-2.36,1.67,
388,John Braun,"DATA, STAT",34,10,12,1072,83.13,83.03,0.1,-0.31,41.67,-1.74,2.4,
389,Tareq Yousef,PSYO,18,5,5,2298,75.15,75.06,0.09,-0.52,40.0,-2.06,2.67,
390,Emily Snyder,SOCI,13,4,2,201,79.52,79.44,0.08,2.93,50.0,-0.54,6.4,
391,Rachelle Hole,"SOCW, HINT",19,12,3,490,88.38,88.31,0.07,-2.15,33.33,-4.26,0.91,
392,Brandon Taylor,"ENGL, CORH",23,6,4,720,72.12,72.06,0.07,0.47,75.0,-1.95,1.2,
393,Michael Zajko,"SOCI, IGS",30,8,7,1880,75.04,74.98,0.06,2.11,85.71,-0.74,2.52,
394,Janelle Caldwell,NRSG,17,4,7,929,82.84,82.79,0.06,0.59,57.14,-1.24,1.17,
395,Dilsora Komil-Burley,SOCI,14,7,6,1683,74.99,74.95,0.04,1.95,66.67,-3.2,3.69,
396,Matthew Nelson,"BIOL, SUST",79,21,9,9297,70.57,70.55,0.02,-2.59,44.44,-3.96,1.96,
397,Robert Colin Reid,"HMKN, HEAL",26,8,7,2115,79.06,79.05,0.01,-2.35,14.29,-4.8,3.8,
398,Bowen Hui,COSC,25,8,8,1473,79.98,79.98,0.0,-0.05,50.0,-2.02,1.95,
399,Thomas Heilke,"POLI, IGS",30,13,9,802,78.69,78.69,-0.0,-0.58,44.44,-3.29,4.87,
400,Sevda Mohammadi Gharalar,"APSC, ENGR",14,4,4,1817,71.85,71.86,-0.01,0.09,75.0,-1.93,2.07,
401,James Rochlin,"POLI, IGS",39,12,4,980,76.48,76.49,-0.01,0.44,50.0,-2.43,3.12,
402,John Sasso,"HES, HMKN",26,9,10,2138,76.14,76.15,-0.01,0.72,70.0,-5.62,3.11,
403,Stefanie Ciszewski,PSYO,10,4,6,1129,77.06,77.08,-0.01,-1.06,50.0,-2.59,0.77,
404,Edward Taylor,"SOCW, PSYO",8,7,4,128,89.22,89.24,-0.02,0.46,50.0,-2.38,5.18,
405,Wenbo Zheng,"ENGR, APSC",7,4,4,453,75.12,75.14,-0.02,0.16,50.0,-2.32,1.27,
406,Fawad Ahmed Najam,"APSC, ENGR",14,4,5,1762,67.68,67.7,-0.02,-5.15,20.0,-8.57,2.81,
407,Paul Davies,PSYO,25,14,7,5008,76.94,76.97,-0.02,-2.49,14.29,-4.56,0.62,
408,Ondine Park,"SOCI, IGS",17,5,5,769,75.46,75.48,-0.02,2.59,60.0,-1.26,4.9,
409,Colleen Dumanoir,NRSG,71,11,16,4384,84.02,84.04,-0.03,-0.35,37.5,-0.77,0.66,
410,Madeleine Greig,NRSG,9,4,4,450,86.04,86.09,-0.05,-0.43,50.0,-2.66,1.19,
411,Wei Sen Loi,"APSC, ENGR",8,4,3,945,66.22,66.27,-0.06,4.46,66.67,-0.51,5.76,
412,Jason Loeppky,"STAT, IGS",12,5,8,543,72.5,72.56,-0.06,0.25,50.0,-2.43,1.53,
413,Barbara Marcolin,MGMT,29,11,4,2708,76.26,76.32,-0.06,0.68,75.0,-2.82,0.88,
414,Carey Doberstein,"POLI, IGS",18,5,4,918,72.55,72.62,-0.06,0.29,50.0,-2.24,3.63,
415,Anderson Araujo,"ENGL, WRLD",28,10,3,330,72.54,72.61,-0.07,-0.54,33.33,-4.09,3.25,
416,Cynthia Hernandez Garcia,SPAN,23,7,6,657,79.82,79.92,-0.11,0.35,50.0,-1.56,1.78,
417,Richard Klukas,"APSC, ENGR",34,12,8,4021,70.19,70.3,-0.12,-0.94,37.5,-3.65,3.87,
418,Keekyoung Kim,"ENGR, APSC",22,6,7,1542,77.42,77.54,-0.12,1.13,71.43,-1.51,2.57,
419,W Briar Craig,VISA,10,4,4,93,76.31,76.44,-0.13,-1.8,25.0,-3.66,2.44,
420,Michele Tobin,NRSG,21,5,9,1401,82.81,82.94,-0.13,0.14,55.56,-1.19,0.54,
421,Adeniyi Asiyanbi,"GEOG, ANTH",14,5,4,760,78.53,78.66,-0.13,0.32,50.0,-0.28,1.03,
422,Kyle Larson,EESC,22,13,3,345,72.99,73.13,-0.14,-1.08,33.33,-9.99,7.5,
423,Noriko Ozawa,"ECON, PHIL",98,17,20,7686,67.72,67.86,-0.14,1.1,70.0,-1.04,2.71,
424,Camilo Moreno Pena,MGMT,30,4,10,1843,77.84,77.99,-0.15,-1.66,50.0,-3.39,2.75,
425,Lisa Moralejo,"NRSG, HINT",119,17,28,6749,85.82,85.98,-0.16,0.06,53.57,-0.99,0.63,
426,Haroon Mian,"ENGR, APSC",11,7,5,973,77.17,77.33,-0.16,0.04,60.0,-1.62,1.46,
427,Myron Campbell,VISA,59,12,10,1568,79.95,80.12,-0.17,-0.85,40.0,-1.96,0.88,
428,Julien Picault,"ECON, PHIL",58,13,5,3989,68.27,68.45,-0.18,0.93,80.0,-4.67,2.72,
429,Neil Eves,"HMKN, HES",28,13,2,268,89.19,89.37,-0.18,2.6,50.0,-0.53,5.73,
430,Natalie Forssman,"APSC, ANTH",34,9,7,970,74.69,74.89,-0.2,-0.26,42.86,-2.7,7.1,
431,Bill Cohen,"INDG, EDUC",24,14,3,476,86.85,87.06,-0.21,-0.29,33.33,-0.36,2.71,
432,Robert Campbell,"ETEC, EDUC",13,13,2,37,89.41,89.62,-0.22,-0.35,50.0,-0.87,0.18,
433,Jodey Castricano,"ENGL, CULT",24,16,5,265,72.24,72.52,-0.27,-2.86,40.0,-4.46,0.5,
434,Sepehr Zarif Mansour,"ENGR, APSC",17,6,8,2033,74.38,74.68,-0.3,-0.61,25.0,-1.54,1.28,
435,Peyman Yousefi,"APSC, ENGR",50,10,13,5949,72.49,72.81,-0.31,1.91,69.23,-1.21,1.41,
436,Khan Islam,ECON,76,18,10,5692,68.1,68.43,-0.33,-1.71,30.0,-1.71,-0.01,yes
437,Andreas Rutkauskas,"VISA, CCS",59,15,10,1144,79.32,79.65,-0.33,-0.65,40.0,-1.68,0.86,
438,Sajjad Nejatie,"HIST, IGS",15,4,5,115,77.21,77.55,-0.34,2.4,80.0,-3.77,4.59,
439,Mathew G Rieger,HMKN,11,5,5,1139,77.79,78.16,-0.37,-0.56,40.0,-1.25,0.09,
440,Lindsey Boulet,HMKN,9,5,5,1137,76.32,76.71,-0.38,-1.34,20.0,-1.8,1.39,
441,Mary Jung,"HMKN, HES",28,13,3,323,88.43,88.81,-0.39,2.07,66.67,-1.25,4.31,
442,John Graham-Knight,"COSC, DATA",17,4,15,832,81.84,82.25,-0.4,-1.22,40.0,-2.1,1.96,
443,Amarpreet Kaur,ECON,17,4,7,1709,66.9,67.31,-0.42,-1.04,42.86,-1.18,2.09,
444,Rebecca Godard,PSYO,11,7,8,1237,79.42,79.84,-0.42,-0.45,25.0,-1.23,1.25,
445,Matt M Husain,"ANTH, SOCI",9,6,5,612,76.03,76.47,-0.44,7.24,60.0,-2.72,8.13,
446,Mathieu Bourbonnais,"GISC, EESC",12,5,2,403,79.44,79.9,-0.45,-0.06,50.0,-2.83,2.71,
447,Dennis Jasper,NRSG,38,19,3,229,86.67,87.13,-0.46,0.78,66.67,-0.99,2.45,
448,Michael Deyholos,"BIOL, BIOC",33,11,7,1023,80.25,80.73,-0.48,0.42,57.14,-3.81,3.41,
449,Philip Balcaen,CUST,9,9,2,156,89.06,89.56,-0.5,0.97,50.0,-0.74,2.67,
450,Andrea Keber,"GWST, ANTH",8,5,5,729,76.02,76.52,-0.5,-0.34,20.0,-4.12,2.98,
451,Tazul Islam,ECON,28,15,4,1447,67.99,68.49,-0.5,-1.1,0.0,-2.03,-0.11,yes
452,Nicolas Peleato,"ENGR, APSC",23,8,6,1578,75.98,76.48,-0.5,-1.08,50.0,-4.74,2.11,
453,Kanchan Sarker,SOCI,35,9,6,801,76.48,77.0,-0.53,-1.36,50.0,-3.12,2.51,
454,Stephen Porter,PSYO,9,5,5,1132,76.87,77.42,-0.56,0.5,60.0,-1.17,2.6,
455,Iman Aghanejad,"APSC, ENGR",23,5,5,2876,66.77,67.32,-0.56,0.64,60.0,-3.71,3.63,
456,Fiona Mcdonald,"ANTH, IGS",13,4,6,819,76.77,77.33,-0.56,0.29,50.0,-1.4,3.82,
457,Vanessa Wiebe,NRSG,25,6,12,1572,83.83,84.39,-0.56,-0.51,41.67,-2.06,0.44,
458,Jeffrey Andrews,"DATA, STAT",37,10,9,971,78.1,78.66,-0.57,-0.82,44.44,-2.76,1.68,
459,Antonella de Michelis,ARTH,9,5,3,411,75.79,76.36,-0.58,-1.33,33.33,-1.58,1.04,
460,Thomas Ryder,PHIL,27,7,6,1468,72.94,73.52,-0.59,0.23,50.0,-1.95,1.84,
461,Carolina Restrepo,SPAN,10,8,4,375,79.48,80.09,-0.62,0.3,50.0,-5.84,2.4,
462,Megan Smith,MDST,8,4,4,146,86.24,86.88,-0.64,-1.34,50.0,-2.77,0.25,
463,Isaac Li,"BIOC, CHEM",13,9,4,298,77.83,78.48,-0.65,-3.68,25.0,-6.93,0.05,
464,Ben Tippett,"PHYS, MATH",41,11,12,4046,71.31,71.97,-0.66,-0.39,41.67,-2.96,1.95,
465,Ali Maleki Gargari,"APSC, ENGR",29,10,9,3330,68.8,69.46,-0.66,0.5,66.67,-2.21,1.11,
466,Vicki Foley,NRSG,7,5,4,221,85.92,86.59,-0.67,-0.71,50.0,-1.88,2.75,
467,Michael Treschow,"ENGL, LATN",25,9,10,652,72.9,73.57,-0.67,-0.77,50.0,-4.91,2.21,
468,Aleksandra Dulic,"VISA, MDST",38,11,9,481,82.93,83.61,-0.68,-0.55,33.33,-2.27,-0.14,yes
469,Janelle Zerr,"NRSG, HINT",19,7,7,838,88.34,89.02,-0.68,-0.85,42.86,-2.13,0.57,
470,Darielle Talarico,POLI,11,6,4,803,72.21,72.97,-0.76,3.12,75.0,-1.86,3.45,
471,Kasun Hewage,"ENGR, APSC",30,13,8,3220,78.78,79.56,-0.77,-1.24,25.0,-3.1,0.33,
472,Jim Nastos,"MATH, COSC",10,5,7,1003,68.49,69.27,-0.78,-5.06,28.57,-5.57,1.72,
473,Jessica Stites,"HIST, SPAN",40,12,3,672,73.5,74.29,-0.79,2.83,66.67,-0.95,3.34,
474,Ruth Lowe-Walker,"PHIL, POLI",34,10,7,1672,74.87,75.66,-0.79,0.06,57.14,-3.69,3.66,
475,Ian Walker,"EESC, BIOL",16,6,4,299,75.24,76.04,-0.79,-0.37,25.0,-2.67,0.5,
476,Arjun Bhardwaj,"MGMT, IGS",28,8,4,2293,80.83,81.63,-0.8,-1.26,25.0,-2.19,1.22,
477,Sheldon Ambler,NRSG,62,7,12,3798,82.4,83.2,-0.81,-0.36,33.33,-1.97,0.48,
478,Shawn Wilson,"INDG, IGS",15,5,5,306,83.73,84.54,-0.81,-1.69,20.0,-4.16,2.52,
479,Loic Markley,"ENGR, APSC",32,11,5,2040,68.17,69.0,-0.83,2.93,60.0,-1.78,3.4,
480,Birgit Weischedel,MGMT,17,8,4,1067,73.6,74.43,-0.83,-0.72,25.0,-1.22,1.54,
481,Iva Lihter,"EESC, GEOG",9,4,5,176,77.79,78.66,-0.87,-1.14,40.0,-1.62,1.52,
482,Tanya Forneris,"HMKN, HEAL",164,15,49,13169,78.61,79.48,-0.87,-0.56,42.86,-1.94,0.2,
483,Maggie Weninger,NRSG,61,14,16,3568,84.59,85.48,-0.89,-0.8,31.25,-1.78,-0.11,yes
484,Ahmad Rteil,"ENGR, APSC",42,11,5,1663,73.03,73.93,-0.9,2.12,60.0,-3.92,3.59,
485,Joshua Brinkerhoff,"ENGR, APSC",30,11,5,1850,73.14,74.03,-0.9,1.42,80.0,-3.38,1.95,
486,Michael Woodworth,PSYO,26,11,3,2693,77.01,77.92,-0.91,-0.57,33.33,-1.19,4.09,
487,Zhenyuan Ma,"COSC, DATA",13,5,7,908,77.41,78.33,-0.92,-2.13,42.86,-2.57,0.65,
488,Courtney Brown,"HMKN, HEAL",8,4,7,1483,77.49,78.43,-0.94,-0.09,42.86,-3.6,2.66,
489,Jennifer Jakobi,HMKN,25,9,2,332,89.04,90.0,-0.96,-0.66,0.0,-0.99,-0.34,yes
490,Allison Kelley,NRSG,31,5,12,1785,82.83,83.79,-0.97,-0.87,41.67,-2.14,0.04,
491,Cong Xu,"ENGR, APSC",7,4,4,538,71.34,72.31,-0.97,-0.52,50.0,-2.49,1.76,
492,Robert Eggleston,ENGL,24,9,3,531,71.77,72.74,-0.98,-0.88,33.33,-1.49,1.17,
493,Tracy Ross,"THTR, FILM",64,11,12,907,78.72,79.7,-0.98,-1.46,33.33,-3.31,0.8,
494,Lengyi Han,"STAT, DATA",45,12,8,2605,70.6,71.58,-0.99,-0.75,25.0,-2.21,0.73,
495,Jessica Lewis,NRSG,31,8,4,1309,85.33,86.32,-0.99,-1.12,50.0,-2.68,0.8,
496,Michael Noonan,"BIOL, DATA",15,6,4,287,86.3,87.32,-1.02,-0.39,50.0,-3.64,1.72,
497,Scott Reid,BIOL,15,6,4,1818,69.81,70.83,-1.02,-0.09,50.0,-3.02,0.53,
498,Piyaruwan Kaluthantirige,ENGR,12,7,5,1274,78.31,79.33,-1.02,0.57,60.0,-6.56,2.58,
499,Ping Li,MGMT,21,11,2,718,78.69,79.71,-1.03,-3.07,50.0,-7.43,1.29,
500,Jeannette Armstrong,"INDG, NSYL",30,15,12,384,82.87,83.9,-1.04,2.35,66.67,-3.42,3.32,
501,Timothy Mitchell Westgate,"APSC, ENGR",14,4,7,1570,68.25,69.29,-1.04,-1.63,42.86,-4.03,4.16,
502,Jillian Deri,"GWST, GEOG",14,4,8,342,77.4,78.48,-1.08,-1.56,37.5,-2.83,2.06,
503,Kaela Cranston,"HMKN, HES",11,7,6,967,79.45,80.54,-1.09,-0.84,50.0,-4.98,2.33,
504,Chinchu Cherian,"ENGR, APSC",7,5,6,288,73.54,74.64,-1.1,-1.22,50.0,-9.62,2.71,
505,Amy Wiebe,MATH,11,4,5,394,69.34,70.44,-1.1,-2.08,40.0,-3.15,3.13,
506,Yujie Gao,"MDST, VISA",13,4,6,248,85.32,86.44,-1.12,0.23,50.0,-3.87,2.23,
507,Min Hu,ECON,18,5,4,502,64.63,65.75,-1.12,-1.13,25.0,-1.74,-0.53,yes
508,Ramey Newell,"VISA, FILM",15,5,4,340,74.02,75.16,-1.14,-3.66,25.0,-6.8,1.59,
509,Rhyann C Mckay,HMKN,7,4,5,863,77.76,78.9,-1.15,-0.34,40.0,-4.8,2.38,
510,Luis Aguiar,"SOCI, IGS",36,10,11,1017,73.63,74.8,-1.17,-1.66,36.36,-3.26,2.59,
511,Yasfatemeh Yamin,"PHYS, CHEM",19,8,9,762,71.79,72.96,-1.17,-0.98,44.44,-3.19,1.16,
512,Lesley Lutes,PSYO,7,5,4,43,92.05,93.23,-1.18,0.18,50.0,-3.74,3.28,
513,Laura Mercer,NRSG,93,15,21,5869,82.93,84.11,-1.19,-0.55,42.86,-1.95,-0.1,yes
514,David Walker,MGMT,34,11,3,1953,77.5,78.69,-1.2,-1.84,33.33,-2.16,8.11,
515,Monica Good,"SPAN, WRLD",48,12,9,1200,79.12,80.32,-1.2,0.19,55.56,-3.72,2.32,
516,Beverley Bosetti,"EDUC, EADM",16,10,6,308,85.7,86.92,-1.21,-0.61,33.33,-2.84,1.48,
517,Suliman Gargoum,ENGR,13,6,4,898,80.17,81.39,-1.22,-2.91,25.0,-3.54,1.99,
518,Shona Harrison,ENGL,56,19,6,1669,72.03,73.26,-1.22,-1.52,33.33,-5.63,1.42,
519,Xian Jin,"APSC, ENGR",15,5,5,1892,69.05,70.32,-1.27,-1.45,0.0,-1.82,-1.0,yes
520,Maggie Bannerman,NRSG,18,4,8,923,83.45,84.73,-1.28,-1.45,12.5,-2.53,-0.29,yes
521,Connor Charlesworth,VISA,12,6,6,228,80.93,82.21,-1.29,-1.76,33.33,-2.87,0.66,
522,Margo Tamez,"INDG, GWST",29,8,12,784,81.97,83.26,-1.29,2.02,58.33,-3.16,5.22,
523,Hugo De Burgos,ANTH,31,9,5,1660,77.0,78.29,-1.3,-2.0,20.0,-5.37,-0.02,yes
524,Helen Hamel,NRSG,42,5,7,2084,82.47,83.76,-1.3,-0.99,14.29,-2.26,-0.26,yes
525,Renay Egami,VISA,55,12,7,852,80.24,81.57,-1.33,-1.35,42.86,-1.97,0.41,
526,Ying Zhu,MGMT,27,10,3,2765,74.14,75.47,-1.33,-3.09,33.33,-7.78,0.32,
527,Sandra Mecklenburg,CHEM,13,6,8,1074,69.82,71.18,-1.36,-0.68,37.5,-3.36,0.61,
528,John Hopkinson,PHYS,69,12,12,5857,72.95,74.31,-1.36,0.69,50.0,-2.93,1.76,
529,Cody Durrer,HMKN,9,5,6,1207,76.44,77.81,-1.37,-2.49,33.33,-4.59,0.15,
530,Nina Langton,"JPST, CULT",41,14,4,629,73.4,74.78,-1.38,0.21,50.0,-4.52,3.34,
531,Christopher Martin,"EDUC, EADM",19,14,5,258,87.26,88.63,-1.38,-2.34,40.0,-2.68,2.06,
532,Edward Hornibrook,"EESC, ENVI",15,9,5,1053,70.31,71.7,-1.39,-1.01,40.0,-3.44,5.84,
533,Muriel Kranabetter,NRSG,11,5,6,662,86.11,87.5,-1.39,-0.82,16.67,-2.51,0.05,
534,Chloe Briggs,PSYO,12,7,7,1805,76.33,77.72,-1.39,-0.91,42.86,-3.63,2.77,
535,Andrea Antonishen,SOCW,13,7,5,369,87.07,88.47,-1.4,-2.68,40.0,-3.86,3.61,
536,Marie Loughlin,"ENGL, CORH",40,10,7,979,77.85,79.28,-1.43,-1.66,28.57,-6.1,2.58,
537,Natasha Neumann,"GEOG, EESC",10,6,5,648,70.41,71.85,-1.44,1.35,60.0,-2.47,7.01,
538,May Anne Mata,"MATH, STAT",11,6,5,1018,67.53,68.97,-1.45,-3.41,20.0,-4.47,2.81,
539,Christopher Gordon,FREN,50,16,8,1387,77.56,79.05,-1.48,-2.16,25.0,-2.83,-0.56,yes
540,Geoff Coombs,HMKN,7,4,4,913,77.56,79.06,-1.5,-0.86,50.0,-2.69,0.51,
541,Jeanette Vinek,"NRSG, HINT",17,10,7,839,86.63,88.16,-1.53,-1.17,14.29,-2.94,-0.11,yes
542,Antonella De Michelis,"ARTH, CULT",12,5,7,319,73.81,75.35,-1.54,-1.45,14.29,-4.21,0.16,
543,Jian Liu,"APSC, ENGR",21,10,4,2038,69.86,71.4,-1.55,-2.74,25.0,-4.84,1.61,
544,Patricia Lasserre,"COSC, DATA",11,4,5,801,77.96,79.51,-1.56,0.63,60.0,-4.5,7.07,
545,Lindsay Harris,ANTH,8,5,5,479,77.91,79.47,-1.56,-2.67,40.0,-5.37,1.76,
546,Lukas Bichler,"APSC, ENGR",23,11,6,3517,76.19,77.79,-1.6,-1.99,33.33,-2.9,1.23,
547,Julian Cheng,"ENGR, APSC",31,10,9,1490,74.84,76.44,-1.61,0.07,55.56,-9.24,1.78,
548,Carmela White,PSYO,11,6,7,2021,76.43,78.04,-1.61,-0.66,42.86,-5.47,2.25,
549,Adam R Fulton,"NRSG, HINT",12,5,8,372,85.13,86.75,-1.62,-1.33,25.0,-2.67,-0.73,yes
550,Laisha Rosnau,CRWR,12,7,7,296,78.11,79.73,-1.62,-1.38,14.29,-2.12,0.28,
551,Ran Wei,PSYO,10,5,8,1188,75.34,76.99,-1.65,-1.96,12.5,-6.2,2.06,
552,Alifa Bandali,"CULT, ARTH",26,5,5,920,75.73,77.38,-1.65,1.57,80.0,-4.05,2.75,
553,Christopher Collier,"ENGR, APSC",13,5,6,1482,75.78,77.46,-1.67,-3.07,33.33,-3.51,1.43,
554,Alison Trim,VISA,8,4,6,146,78.65,80.33,-1.68,-1.33,33.33,-3.24,0.78,
555,Yas Yamin,"PHYS, DATA",46,14,17,2359,71.4,73.09,-1.69,-0.87,35.29,-2.8,-0.47,yes
556,Miles Thorogood,"MDST, VISA",46,12,13,656,79.95,81.65,-1.7,0.81,61.54,-4.08,1.73,
557,Zakary Draper,PSYO,13,5,8,948,77.11,78.83,-1.71,-0.88,12.5,-3.05,-0.51,yes
558,Bryn Crawford,"APSC, ENGR",8,4,4,978,74.13,75.84,-1.72,-1.57,25.0,-4.41,0.93,
559,Spencer Lh Dean,ECON,24,5,6,2280,64.98,66.71,-1.73,-0.86,33.33,-3.43,0.09,
560,Jana Martin,MGMT,38,11,7,2666,73.66,75.4,-1.73,-1.25,14.29,-2.02,-0.65,yes
561,Sheila Epp,NRSG,13,4,6,738,84.77,86.52,-1.74,-2.21,33.33,-2.94,0.27,
562,Susan Holtzman,PSYO,18,10,3,3596,76.82,78.57,-1.75,-0.48,33.33,-4.24,1.64,
563,Jonathan Little,"HMKN, HES",32,12,5,496,84.49,86.25,-1.75,-0.98,40.0,-3.25,-0.33,yes
564,Brian Rasmussen,SOCW,23,11,5,461,87.14,88.91,-1.76,-1.49,0.0,-3.72,-1.05,yes
565,C Castricano,"ENGL, IGS",13,7,6,269,72.8,74.56,-1.77,-2.55,16.67,-4.32,-0.16,yes
566,Sarah Macqueen,"STAT, MATH",14,6,9,1531,69.47,71.24,-1.77,-3.17,22.22,-4.55,1.92,
567,David Jefferess,"ENGL, CULT",69,11,2,203,69.03,70.8,-1.77,-1.35,0.0,-1.8,-0.9,yes
568,W Craig,VISA,36,9,5,384,76.9,78.68,-1.78,-1.05,40.0,-3.49,1.65,
569,Jerry Vandenberg,"EESC, BIOL",9,4,7,345,73.89,75.67,-1.78,-0.01,42.86,-4.23,2.5,
570,Francisco Pena Fernandez,"WRLD, SPAN",41,12,8,267,75.05,76.83,-1.79,-3.63,37.5,-6.35,1.92,
571,Annette Fairweather,MGMT,14,9,5,2315,72.02,73.81,-1.79,1.06,60.0,-3.96,2.25,
572,Kimberley Kaseweter,PSYO,14,6,6,1188,76.82,78.63,-1.81,-2.46,16.67,-3.65,-0.29,yes
573,Morgan Straza,NRSG,42,10,7,1731,83.2,85.02,-1.82,-0.11,42.86,-2.69,0.44,
574,Irene Vrbik,"DATA, STAT",49,10,13,2239,77.15,78.98,-1.82,-2.11,23.08,-3.16,-0.19,yes
575,Carolyn Labun,"APSC, ENGR",21,9,4,925,77.54,79.37,-1.83,-1.33,25.0,-3.36,0.09,
576,Evanya Musolino,PSYO,22,10,9,2877,75.83,77.66,-1.83,-1.8,11.11,-2.88,-0.93,yes
577,Kevin Michael Smith,CHEM,26,12,3,151,68.93,70.77,-1.84,-3.69,0.0,-5.4,-1.15,yes
578,Deepak Kumar,COSC,9,4,7,500,75.42,77.27,-1.85,-2.06,28.57,-5.46,1.5,
579,Abbas Sadeghzadeh Milani,"ENGR, APSC",29,11,10,1582,80.76,82.62,-1.86,-1.59,40.0,-5.02,0.63,
580,Natalia Penuela Gallo,"POLI, SPAN",7,4,6,474,72.08,73.95,-1.87,-2.8,33.33,-4.92,0.31,
581,Andrea Szilagyi,"EAP, ENGL",9,4,3,221,73.6,75.51,-1.91,0.82,66.67,-10.34,3.42,
582,Marlowe Sam,INDG,56,16,12,1485,80.72,82.64,-1.92,0.15,50.0,-3.61,1.38,
583,Abdallah Mohamed,COSC,61,18,10,7350,72.84,74.76,-1.92,-1.64,30.0,-4.12,0.18,
584,Charles Jolin-Landry,"PHYS, MATH",15,4,8,2103,70.91,72.83,-1.92,-1.74,12.5,-3.37,-0.58,yes
585,Md Jahangir Hossain,"APSC, ENGR",12,6,5,1176,72.27,74.23,-1.96,-1.91,40.0,-3.31,6.21,
586,Jon Michael Robert Corbett,VISA,11,7,4,295,78.24,80.22,-1.98,-2.06,25.0,-2.41,-0.32,yes
587,Poppy Siddiqua,APSC,21,5,5,1438,69.63,71.61,-1.98,-1.85,20.0,-3.89,-0.06,yes
588,Tannis Nielsen,"VISA, IGS",18,5,5,256,80.16,82.14,-1.98,0.26,60.0,-8.9,2.11,
589,Jan Mctavish,HIST,7,7,2,174,70.15,72.14,-2.0,-3.37,0.0,-5.12,-1.61,yes
590,Cigdem Eskicioglu,ENGR,25,10,4,1687,77.42,79.42,-2.0,-2.95,25.0,-3.24,1.39,
591,David Geary,"ANTH, IGS",38,13,8,1367,75.94,77.95,-2.01,-2.1,25.0,-2.91,0.33,
592,Hadi Mohammadi,"ENGR, APSC",39,11,8,3206,76.42,78.45,-2.02,1.39,62.5,-4.05,1.6,
593,Katrina Plamondon,"HEAL, NRSG",11,9,5,265,86.01,88.04,-2.03,0.33,60.0,-4.77,2.14,
594,Rehan Sadiq,"ENGR, IGS",7,7,3,194,86.13,88.18,-2.04,-2.51,33.33,-2.58,1.01,
595,George Grinnell,"ENGL, CULT",47,10,8,3119,70.27,72.32,-2.05,-2.19,25.0,-2.56,-0.01,yes
596,Kimberley A Crosby,PSYO,10,4,8,799,77.41,79.46,-2.05,-3.0,25.0,-5.27,0.88,
597,Ifeoma Adaji,"COSC, DATA",19,5,7,1219,78.39,80.44,-2.05,0.53,57.14,-5.04,3.43,
598,John Thompson,"STAT, DATA",13,5,5,357,73.6,75.67,-2.07,-2.06,20.0,-5.16,0.34,
599,Dongying Wang,"DATA, MATH",34,6,16,2432,73.44,75.53,-2.08,-1.27,31.25,-4.46,0.86,
600,Gareth Jones,HMKN,20,5,3,924,80.61,82.7,-2.09,-0.9,0.0,-4.57,-0.61,yes
601,Jeff Bulmer,"COSC, DATA",30,10,20,1933,76.16,78.27,-2.1,-2.08,35.0,-4.01,-1.08,yes
602,Riccardo Graziani,EESC,8,4,5,429,68.44,70.54,-2.11,-1.56,40.0,-5.88,1.02,
603,Manuela Reekie,NRSG,31,9,10,1730,84.96,87.08,-2.12,-2.52,10.0,-3.07,-0.85,yes
604,Mohammad Haji Mohammadi,"ENGR, APSC",13,5,7,1028,72.02,74.15,-2.13,-0.34,42.86,-5.53,2.07,
605,Matthew Lee Rader,"CRWR, CCS",43,14,12,917,78.94,81.08,-2.15,-2.55,25.0,-6.93,1.26,
606,Dwayne Tannant,"ENGR, APSC",21,10,4,876,77.72,79.88,-2.15,-3.51,25.0,-5.88,5.11,
607,Ahmad Al-Dabbagh,"ENGR, MANF",7,4,4,406,72.88,75.06,-2.18,-1.72,25.0,-4.92,2.19,
608,Gary Pearson,VISA,15,4,3,173,82.09,84.27,-2.18,-2.51,0.0,-2.64,-1.49,yes
609,Robert Lalonde,"BIOL, PHYS",38,11,8,2395,71.0,73.18,-2.19,-1.86,25.0,-4.96,-1.22,yes
610,Carolyn Szostak,PSYO,29,11,4,648,81.15,83.34,-2.19,-0.34,25.0,-3.07,1.97,
611,Charles Rasi,SOCI,14,9,4,359,77.21,79.42,-2.21,-1.78,25.0,-3.39,-0.05,yes
612,Alan Davidson,"HEAL, HMKN",10,7,3,919,78.54,80.75,-2.21,-1.4,33.33,-10.63,3.72,
613,Jiayu Ye,"BIOC, BIOL",10,4,4,556,80.72,82.94,-2.22,-2.09,0.0,-3.79,-1.91,yes
614,Michelle Walks,"SOCI, ANTH",11,4,8,426,77.98,80.21,-2.23,0.12,62.5,-4.52,0.85,
615,Shirley Bo Yee Chau,SOCW,25,12,3,545,86.89,89.14,-2.25,0.48,66.67,-4.28,0.61,
616,Crystal Lea Mundy,PSYO,16,7,10,2206,75.24,77.51,-2.28,-2.94,10.0,-3.65,-1.21,yes
617,Claude Desmarais,"GERM, WRLD",43,13,5,873,80.14,82.48,-2.33,3.35,60.0,-5.62,4.75,
618,Jill Robinson,PSYO,14,7,9,2172,75.39,77.74,-2.34,-2.96,22.22,-5.06,-0.85,yes
619,Tatiana Nomokonova,ANTH,18,4,5,845,71.18,73.54,-2.36,-2.36,40.0,-4.56,0.14,
620,Deanna Gibson,"BIOL, BIOC",15,9,4,1580,74.76,77.12,-2.36,-1.59,50.0,-3.57,0.13,
621,Rachel McGraw,"INLG, ANTH",17,4,9,451,75.63,78.03,-2.4,-4.73,11.11,-6.27,-0.1,yes
622,Donna Senese,"GEOG, SUST",26,13,5,647,78.3,80.7,-2.4,-1.09,20.0,-8.44,0.57,
623,Samuel Roy-Bois,"VISA, CCS",46,12,10,867,78.91,81.33,-2.42,-0.88,40.0,-4.09,0.07,
624,Laura Patterson,APSC,51,12,2,1574,71.53,74.07,-2.55,-2.59,0.0,-3.18,-2.01,yes
625,Lise Olsen,"NRSG, HINT",24,14,3,745,83.04,85.62,-2.58,-2.84,0.0,-3.74,-2.3,yes
626,Edward Neeland,CHEM,44,11,9,4172,68.12,70.71,-2.59,-3.45,11.11,-3.89,-1.84,yes
627,Milka Beck,FREN,40,10,11,896,76.21,78.81,-2.6,-2.85,9.09,-4.0,-1.63,yes
628,Richard Federley,"CHEM, BIOC",14,5,7,937,68.71,71.31,-2.6,-2.5,42.86,-3.26,-0.36,yes
629,Michelle Marie Earl,NRSG,22,4,5,995,80.89,83.52,-2.63,-2.5,0.0,-3.34,-1.55,yes
630,Margaret Reeves,ENGL,25,9,4,437,71.35,74.0,-2.66,0.83,75.0,-5.24,5.71,
631,Jordan Stouck,"ENGL, CORH",28,12,5,825,72.51,75.19,-2.68,-2.65,40.0,-5.27,1.44,
632,Mike Chiasson,MGMT,16,6,5,1533,77.93,80.65,-2.72,-2.28,0.0,-4.39,-0.69,yes
633,Marianne Legault,FREN,21,9,5,195,75.61,78.36,-2.75,-3.06,20.0,-5.68,0.73,
634,Ahmed Idris,ENGR,11,4,4,490,76.26,79.02,-2.76,-3.61,25.0,-5.92,0.02,
635,Nibirh Jawad,"APSC, ENGR",14,11,6,1152,65.51,68.27,-2.76,-2.42,16.67,-4.24,0.03,
636,Michael Smith,"CRWR, FILM",44,11,12,587,79.75,82.53,-2.78,-1.4,41.67,-5.52,-0.17,yes
637,W Mathieson,BIOL,20,7,4,2048,78.07,80.89,-2.83,-2.92,25.0,-3.84,-0.61,yes
638,Jacqueline Denison,"NRSG, HEAL",41,9,12,2219,80.9,83.72,-2.83,-1.29,16.67,-5.65,-0.85,yes
639,Tharindu Prbatha Hewa Godella Waththage,"APSC, ENGR",9,6,4,832,71.17,74.0,-2.83,-2.11,25.0,-4.64,0.25,
640,Gregory Dumanoir,"HMKN, HES",68,15,23,5551,76.76,79.6,-2.85,-1.8,34.78,-4.58,-1.1,yes
641,Neil Cadger,THTR,25,8,7,336,77.59,80.47,-2.88,-2.53,14.29,-4.57,0.9,
642,Holli-Anne Passmore,PSYO,15,9,5,2147,74.18,77.07,-2.89,-1.82,20.0,-5.37,0.15,
643,Laura Hooker,BIOL,19,6,4,1849,69.91,72.81,-2.9,-3.88,0.0,-8.72,-1.29,yes
644,Rina Garcia Chua,"CULT, ENGL",7,4,3,690,68.34,71.24,-2.9,-3.58,0.0,-9.59,-1.41,yes
645,H V Bonar Buffam,"SOCI, IGS",36,11,15,1861,73.11,76.03,-2.91,-1.63,20.0,-4.31,-1.54,yes
646,Aaron Derrickson,INDG,11,4,5,355,79.75,82.7,-2.95,-3.12,0.0,-5.78,-1.24,yes
647,Elizabeth Andersen,NRSG,20,7,5,773,82.4,85.38,-2.98,-3.01,20.0,-3.5,-0.93,yes
648,Stephen Foster,"VISA, IGS",12,7,4,112,83.55,86.54,-2.99,-0.55,50.0,-6.0,0.79,
649,Meilan Ehlert,"WRLD, KORN",42,12,2,419,79.44,82.44,-3.01,-3.2,0.0,-3.55,-2.84,yes
650,James Johnson,ECON,17,8,7,688,64.85,67.87,-3.02,-0.09,42.86,-5.11,0.66,
651,Mary Ann Murphy,"SOCI, SOCW",29,11,3,756,79.34,82.39,-3.04,-3.99,33.33,-4.07,0.88,
652,Greg Garrard,"ENGL, SUST",27,10,9,958,69.58,72.7,-3.12,-2.59,11.11,-10.38,-1.53,yes
653,Monica Carolina Good,SPAN,12,4,4,506,76.57,79.71,-3.15,-3.14,25.0,-4.84,-1.06,yes
654,James Yu,COSC,14,9,8,618,73.57,76.72,-3.15,-1.59,25.0,-6.1,-0.36,yes
655,Jannik Eikenaar,"APSC, ENGR",55,14,4,1791,70.77,73.95,-3.17,-3.08,0.0,-4.57,-2.85,yes
656,Grace Fan,MGMT,15,7,4,900,71.89,75.09,-3.2,-3.09,0.0,-4.34,-1.57,yes
657,Natalie Matthews,"NRSG, HINT",22,8,6,716,84.55,87.81,-3.27,-2.22,16.67,-5.24,-1.35,yes
658,John Wagner,"ANTH, IGS",26,8,11,655,76.74,80.03,-3.29,-4.23,18.18,-5.16,-1.45,yes
659,Swantje Lembke,MGMT,18,5,3,1043,73.82,77.14,-3.32,-3.77,0.0,-6.84,-0.83,yes
660,Tara Carpenter,PSYO,12,6,6,1496,74.41,77.74,-3.33,-4.26,0.0,-5.46,-2.41,yes
661,Natalie Chambers,"INDG, ANTH",18,6,10,1253,78.87,82.2,-3.33,-2.6,20.0,-4.56,0.23,
662,Paul Van Donkelaar,"HMKN, HES",21,8,6,836,78.82,82.18,-3.35,-1.86,16.67,-7.07,-0.22,yes
663,Madjid Mohammadzadeh,EAP,8,4,2,153,74.02,77.38,-3.36,-1.62,50.0,-3.75,0.51,
664,Yuan Chen,EESC,29,12,3,862,71.05,74.41,-3.36,-3.14,0.0,-8.19,-1.0,yes
665,Michael Pidwirny,"GEOG, EESC",40,11,4,2001,70.43,73.81,-3.38,-4.2,25.0,-5.56,-0.14,yes
666,Daryl Ritchot,"ENGL, ARTH",51,11,6,1704,69.22,72.6,-3.39,-3.31,0.0,-6.25,-0.98,yes
667,Allan Clarke,SOCW,10,9,3,331,86.55,89.94,-3.39,-6.58,33.33,-7.39,0.75,
668,Nelly Oelke,NRSG,10,8,4,259,84.31,87.72,-3.41,0.92,75.0,-8.66,3.78,
669,Louise Nelson,BIOL,8,6,2,667,75.94,79.36,-3.42,-3.82,0.0,-4.53,-3.1,yes
670,Francis Langevin,"FREN, WRLD",48,10,13,806,75.67,79.1,-3.43,-4.46,23.08,-5.36,-0.5,yes
671,Jake Bobowski,PHYS,57,12,10,2079,72.34,75.77,-3.44,-0.66,50.0,-9.49,1.7,
672,Sally Willis,"HMKN, HINT",15,6,5,1029,79.0,82.45,-3.44,-3.79,20.0,-4.74,-0.5,yes
673,Harry Miller,PSYO,16,14,3,482,75.71,79.17,-3.45,-2.1,33.33,-6.04,4.03,
674,Brittany Marie Swanson,"HINT, NRSG",13,5,3,231,87.55,91.02,-3.47,-4.3,0.0,-5.33,-1.99,yes
675,Alysha Baker,PSYO,8,4,7,1388,74.37,77.86,-3.49,-2.57,14.29,-4.41,-2.02,yes
676,Corinna Netherton,"INDG, ANTH",27,11,13,1855,79.57,83.08,-3.52,-3.6,30.77,-4.18,-1.38,yes
677,Ben Nilson,HIST,35,11,3,712,68.14,71.65,-3.52,-1.2,33.33,-5.49,3.85,
678,Liane Gabora,PSYO,26,10,2,297,78.63,82.16,-3.53,-2.33,50.0,-6.54,1.89,
679,Julien Gibon,"BIOL, PSYO",12,6,5,1290,77.17,80.72,-3.55,-1.43,20.0,-4.35,0.73,
680,Anne Fleming,CRWR,32,8,12,639,78.51,82.07,-3.56,-2.68,8.33,-5.46,-1.47,yes
681,Scott Fazackerley,"COSC, DATA",49,18,15,3408,74.11,77.69,-3.58,-2.47,6.67,-5.13,-2.19,yes
682,Shirley McDonald,ENGL,27,8,2,817,70.58,74.16,-3.58,-0.47,50.0,-3.78,2.84,
683,Allison Hargreaves,"ENGL, CULT",53,12,3,212,73.21,76.8,-3.59,-4.05,0.0,-6.78,-2.71,yes
684,Glen Foster,"HMKN, HES",28,10,3,765,78.82,82.41,-3.59,-0.1,33.33,-5.52,0.42,
685,Chad T Davis,MATH,20,7,12,892,69.83,73.43,-3.6,-2.18,25.0,-5.83,-0.44,yes
686,Manuela Ungureanu,PHIL,25,12,2,72,71.08,74.71,-3.62,-4.54,0.0,-7.83,-1.24,yes
687,Stacey Sandison,MGMT,15,6,2,1317,79.35,82.99,-3.64,-2.15,0.0,-3.84,-0.46,yes
688,Grisel Garcia Perez,SPAN,20,10,2,312,77.18,80.85,-3.67,-3.7,0.0,-3.81,-3.6,yes
689,Shirley Mcdonald,ENGL,41,13,3,1186,69.89,73.57,-3.68,-2.57,33.33,-4.06,0.49,
690,Desiree Marshall-Peer,"EDUC, MATH",17,6,3,447,80.1,83.78,-3.68,-3.55,0.0,-4.14,-2.6,yes
691,Christopher Mcneil,HMKN,35,9,4,1267,74.54,78.23,-3.69,-4.39,0.0,-7.61,-1.52,yes
692,Andrew Jirasek,PHYS,18,10,2,158,67.47,71.25,-3.78,-2.3,50.0,-4.79,0.18,
693,Ruthann Lee,"CULT, ARTH",23,7,4,876,74.35,78.14,-3.79,-1.87,50.0,-5.04,0.33,
694,Christina Haston,"PHYS, BIOL",18,9,2,281,73.93,77.72,-3.8,-3.13,0.0,-6.09,-0.18,yes
695,Paul Milton,ENGL,58,15,4,1079,68.51,72.33,-3.82,-3.54,0.0,-4.92,-3.08,yes
696,Yong Gao,"COSC, DATA",38,13,7,2570,73.77,77.63,-3.87,-1.88,42.86,-9.78,-1.68,yes
697,Anne-Benedicte Claret,"ENGL, FREN",11,5,7,707,68.15,72.02,-3.87,-6.26,0.0,-7.72,-3.02,yes
698,Greg Younging,INDG,14,6,10,819,79.42,83.29,-3.87,-0.15,50.0,-5.62,1.72,
699,Mathieu Aubin,"CULT, ENGL",7,4,4,453,68.97,72.86,-3.89,-5.06,25.0,-6.66,-0.54,yes
700,Paul Curtis,"EESC, BIOL",19,8,4,667,75.61,79.5,-3.89,-1.52,0.0,-6.18,-0.57,yes
701,Renaud-Philippe Garner,"PHIL, POLI",14,4,5,413,69.44,73.39,-3.95,-6.42,0.0,-7.73,-1.94,yes
702,Sean Kevin Lawrence,ENGL,31,11,5,857,67.78,71.76,-3.98,-3.06,20.0,-5.46,-1.11,yes
703,Mohammad Arjmand,"ENGR, APSC",20,8,5,1719,72.83,76.81,-3.98,3.25,60.0,-8.74,4.06,
704,Carl Hodge,POLI,12,5,3,448,68.33,72.32,-3.99,-4.01,0.0,-10.49,-0.37,yes
705,Denise Kenney,"THTR, FILM",47,9,15,784,74.57,78.56,-3.99,-1.42,33.33,-5.17,1.31,
706,Vithanapalpita Ruparathna,"ENGR, MGMT",10,6,6,626,77.11,81.1,-4.0,-2.88,16.67,-4.6,-2.64,yes
707,Jasmin Hristov,"SOCI, IGS",16,5,7,708,72.06,76.08,-4.02,-1.74,14.29,-5.51,-0.64,yes
708,Jennifer Payson,ENGL,71,20,3,2102,70.41,74.5,-4.09,-3.92,0.0,-6.41,-0.65,yes
709,Judy Gillespie,"SOCW, HINT",23,15,5,281,84.34,88.47,-4.13,-1.02,40.0,-6.27,1.03,
710,Carolyn Machardy,ARTH,14,5,5,337,75.18,79.37,-4.19,-4.68,20.0,-5.59,-1.65,yes
711,Qiduan Yang,MATH,10,4,5,688,65.11,69.31,-4.2,-4.12,0.0,-6.19,-3.11,yes
712,Agnieszka Doll,SOCI,14,4,4,662,71.57,75.81,-4.24,-0.21,0.0,-5.38,-0.14,yes
713,Yijiang Ding,POLI,13,4,5,639,69.71,73.96,-4.25,-1.91,0.0,-5.67,-1.63,yes
714,Donovan Hare,MATH,30,11,2,1334,68.62,72.9,-4.28,-5.12,0.0,-6.23,-4.0,yes
715,Karen Perry,"CHEM, EESC",30,9,6,691,74.18,78.53,-4.35,-5.09,33.33,-6.78,0.42,
716,John Binfet,"EDUC, EPSE",14,12,2,150,84.96,89.32,-4.36,-3.17,0.0,-4.6,-1.73,yes
717,Lindsay Diehl,"ENGL, APSC",25,7,5,1141,67.51,71.89,-4.39,-3.95,0.0,-5.88,-2.0,yes
718,Rebecca Tyson,MATH,23,10,2,908,65.39,69.79,-4.4,-2.32,50.0,-5.12,0.49,
719,Bernard Bauer,"EESC, GEOG",23,8,4,345,72.5,76.91,-4.4,-4.84,25.0,-5.98,2.63,
720,Norbert Eke,COSC,9,4,7,650,70.62,75.04,-4.41,-5.92,14.29,-6.41,-2.02,yes
721,Sherry Breshears,"CORH, ENGL",25,6,5,688,78.08,82.49,-4.42,-3.51,20.0,-5.86,-0.66,yes
722,Hannah Connon,HES,10,5,2,234,77.32,81.75,-4.43,-2.85,50.0,-6.78,1.08,
723,Todd Christopher Campbell,"HIST, ECON",91,24,7,1118,69.37,73.8,-4.43,-2.01,28.57,-8.2,0.26,
724,Diana Carter,SPAN,39,13,6,1117,76.14,80.57,-4.43,-3.86,33.33,-5.17,-2.6,yes
725,Oliver Lovesey,ENGL,25,7,4,523,69.02,73.46,-4.44,-2.98,25.0,-5.3,-0.64,yes
726,Matthew Hamilton,POLI,12,6,8,578,72.06,76.52,-4.45,-3.66,0.0,-6.55,-2.92,yes
727,Wolfgang Holger Andreas,"PHIL, MATH",36,11,4,486,74.13,78.59,-4.47,-4.02,50.0,-9.06,0.63,
728,Ilya Parkins,"GWST, IGS",31,11,7,1730,72.05,76.63,-4.58,-4.33,28.57,-4.82,-2.11,yes
729,Jan Cioe,PSYO,42,12,4,2738,73.06,77.65,-4.59,-3.1,25.0,-5.62,-1.39,yes
730,Kenneth Carlaw,ECON,33,11,6,1053,62.68,67.32,-4.64,-2.72,16.67,-5.27,-0.27,yes
731,Kyong Yoon,"CULT, IGS",28,12,4,407,74.07,78.73,-4.66,-3.49,0.0,-5.5,-1.65,yes
732,Claudia Caxaj,NRSG,22,7,7,853,81.21,85.89,-4.68,-2.56,14.29,-6.45,-1.9,yes
733,Elizabeth Trudel,"APSC, ENGR",15,4,9,2101,70.68,75.4,-4.72,-5.8,11.11,-7.04,-1.52,yes
734,Brad Epperly,"POLI, PHIL",17,6,4,230,70.74,75.51,-4.77,-4.69,0.0,-7.65,-3.63,yes
735,Marina Le,PSYO,10,6,7,1348,71.79,76.59,-4.8,-1.8,14.29,-6.56,-1.2,yes
736,Daniel Durall,"BIOL, BIOC",15,11,4,473,73.25,78.07,-4.83,-5.73,25.0,-6.74,-0.5,yes
737,James Robinson,PHIL,28,8,4,1102,69.58,74.44,-4.86,-5.68,0.0,-7.41,-2.95,yes
738,Elena Nicoladis,"PSYO, CORH",9,5,4,969,73.78,78.81,-5.03,-4.83,0.0,-6.16,-2.89,yes
739,Nancy Holmes,"CRWR, CCS",18,10,10,267,78.76,83.86,-5.09,-4.83,10.0,-6.53,-2.84,yes
740,Kevin Hanna,"GEOG, EESC",50,11,3,495,74.8,80.02,-5.22,-4.28,33.33,-5.69,1.0,
741,Nathan Pelletier,"BIOL, MGMT",17,9,3,117,76.64,81.96,-5.32,-6.14,0.0,-9.96,-1.37,yes
742,James Hull,HIST,23,6,4,569,71.68,77.08,-5.39,-5.16,0.0,-7.45,-4.71,yes
743,Jennifer Kluftinger,PSYO,11,4,8,1062,72.1,77.57,-5.47,-6.56,0.0,-9.17,-3.39,yes
744,Jennifer Upshaw,PSYO,11,4,8,1062,72.1,77.57,-5.47,-6.56,0.0,-9.21,-3.42,yes
745,Mark Holder,PSYO,18,6,2,3507,70.67,76.18,-5.51,-4.37,0.0,-6.3,-2.44,yes
746,Giovanni Grandi,"PHIL, ECON",51,14,4,2687,70.43,75.95,-5.52,-2.26,25.0,-5.83,0.77,
747,Ramon Lawrence,"COSC, DATA",42,14,8,2664,80.32,85.85,-5.54,-1.07,50.0,-7.17,1.41,
748,Kathleen Martin Ginis,"HMKN, HES",7,6,3,235,76.03,81.93,-5.9,-1.1,0.0,-7.26,-0.33,yes
749,Kyongwon Yoon,CULT,14,4,5,453,71.91,77.94,-6.03,-6.2,0.0,-6.54,-4.75,yes
750,Karen Ragoonaden,"EDUC, EDST",9,8,3,191,75.65,81.72,-6.07,-1.83,0.0,-8.13,-0.88,yes
751,Karen Hodges,BIOL,20,9,3,513,74.82,80.9,-6.08,-4.46,0.0,-9.43,-3.43,yes
752,Jeanie Ortis,EAP,20,7,2,392,73.33,79.5,-6.17,-3.14,50.0,-7.54,1.27,
753,Leonard Lermer,CHEM,16,8,4,437,63.45,69.63,-6.18,-6.54,0.0,-8.08,-3.79,yes
754,Neha Gupta,ANTH,15,6,5,591,70.88,77.1,-6.22,-5.94,0.0,-9.1,-3.31,yes
755,Keith Jackson,BIOL,9,7,3,269,64.88,71.15,-6.27,-6.27,0.0,-10.42,-5.76,yes
756,Janet Macarthur,"ENGL, CULT",12,4,3,136,71.82,78.16,-6.34,-7.35,0.0,-9.73,-1.03,yes
757,Paramjit Gill,"STAT, DATA",32,10,10,1328,67.48,73.83,-6.35,-6.11,20.0,-17.07,-0.66,yes
758,Geoffrey Sigalet,POLI,15,5,5,258,71.4,77.9,-6.5,-4.87,20.0,-15.45,-0.37,yes
759,Cristina Caperchione,HMKN,23,8,4,472,80.01,86.54,-6.53,-9.64,0.0,-10.51,-1.24,yes
760,Norine Webster,MGMT,67,12,8,4152,72.25,78.8,-6.55,-3.03,12.5,-12.76,-1.13,yes
761,Braden Te Hiwi,"INDG, HMKN",13,5,4,851,77.84,84.41,-6.57,-6.15,0.0,-8.21,-3.47,yes
762,Barbara Pesut,NRSG,7,6,2,225,80.12,86.81,-6.7,-5.78,0.0,-10.01,-1.54,yes
763,Daniel Vollick,"ASTR, PHYS",64,12,10,827,67.25,73.95,-6.7,-10.65,10.0,-14.86,-1.95,yes
764,Janet Kluftinger,"BIOL, BIOC",26,7,9,3928,73.91,80.7,-6.79,-5.45,0.0,-9.27,-3.65,yes
765,Kathy Rush,NRSG,21,10,5,424,82.71,89.52,-6.81,-1.27,20.0,-8.33,1.4,
766,Diana Lisi,PSYO,11,4,9,1585,71.17,78.03,-6.86,-5.53,0.0,-9.08,-4.54,yes
767,Ian Saunders,"GEOG, EESC",28,8,4,303,70.66,77.53,-6.87,-4.24,0.0,-16.59,-2.01,yes
768,Daniel Keyes,"CULT, ENGL",63,12,4,611,70.03,76.98,-6.95,-5.37,0.0,-7.35,-5.18,yes
769,Robyn Giffen,ANTH,9,5,2,581,71.03,78.02,-6.98,-2.69,50.0,-7.61,2.23,
770,Emily Murphy,"ENGL, DIHU",19,5,3,279,73.88,81.07,-7.19,-8.61,33.33,-9.52,0.87,
771,Sylvie Desjardins,MATH,20,10,3,312,60.04,67.43,-7.39,-7.09,0.0,-15.71,-5.91,yes
772,Drew Declerck,PSYO,12,5,9,1379,71.09,78.7,-7.61,-8.31,11.11,-9.36,-5.53,yes
773,David Scott,"EESC, GEOG",35,11,5,871,68.04,75.69,-7.64,-7.36,0.0,-8.67,-4.8,yes
774,Edward Butz,"MATH, STAT",54,12,9,4871,62.71,70.52,-7.81,-8.0,22.22,-10.47,-3.15,yes
775,Robert Godin,CHEM,12,8,2,65,77.03,85.19,-8.16,-7.39,0.0,-10.35,-4.43,yes
776,Bernard Schulz-Cruz,SPAN,22,7,5,407,71.53,79.87,-8.33,-9.02,0.0,-10.91,-6.59,yes
777,Bernard Momer,GEOG,21,12,4,245,71.86,80.25,-8.39,-5.38,25.0,-11.23,0.14,
778,Kirsten Wolthers,"BIOC, CHEM",26,10,2,314,71.82,81.76,-9.93,-4.56,50.0,-11.15,2.03,
779,Linda Hatt,PSYO,13,4,3,1148,69.57,80.23,-10.66,-10.04,0.0,-14.37,-6.94,yes
